133,128,127,127.1,133.1,127.2,125,139,127.3,136,122,122.1,139.1,130,134,136.1,148,118,125.1,121,131,131.1,132,122.2,124,140,128.1,137,126,131.2,122.3,125.2,135,126.1,141,130.1,130.2,127.4,123,130.3,127.5,122.4,123.1,128.2,133.2,124.1,120,121.1,125.3,134.1,145,130.4,136.2,135.1,118.1,119,132.1,122.5,118.2,136.3,119.1,125.4,126.2,122.6,126.3,125.5,127.6,137.1,137.2,115,137.3,127.7,130.5,127.8,129
133,133,124,126,123,130,123,141,133,133,130,127,133,135,140,130,150,112,132,121,129,128,129,126,127,138,125,126,122,129,123,126,127,134,135,135,127,125,120,128,128,116,127,129,134,127,122,118,120,129,144,133,127,134,117,121,127,124,116,132,123,126,137,127,132,122,127,133,131,113,134,126,129,119,122
126,128,128,129,131,129,127,134,126,142,122,125,134,128,139,141,139,121,131,117,123,125,139,122,133,141,124,125,137,129,126,121,135,140,148,126,125,130,135,130,130,123,120,130,128,124,122,115,121,138,143,134,137,126,118,114,132,119,126,136,132,126,131,121,129,133,127,134,132,116,132,129,135,125,130
127,133,125,128,128,130,128,142,127,135,131,126,132,136,142,136,144,120,125,123,135,127,133,124,131,136,124,124,125,131,122,125,126,132,138,134,127,129,126,129,126,122,123,124,132,129,120,122,128,131,144,132,138,133,116,113,130,118,119,136,123,127,128,123,129,126,128,133,131,122,137,128,123,125,130
131,131,127,126,128,125,128,147,128,137,129,130,137,134,132,137,144,116,131,122,121,123,136,128,132,142,126,133,127,137,124,120,127,136,135,135,125,127,126,132,130,123,120,129,127,128,123,122,128,129,146,124,133,132,113,113,128,116,123,139,122,124,126,123,130,126,129,129,131,114,132,125,131,126,122
126,130,128,130,125,128,124,132,132,135,129,128,135,134,140,135,144,115,128,119,126,125,137,120,133,143,121,128,126,127,128,121,132,136,142,126,133,128,136,122,126,115,119,132,130,127,118,115,126,131,141,128,134,132,123,109,128,123,121,136,128,122,135,123,130,129,124,134,126,114,133,124,130,126,124
130,128,128,132,126,128,123,145,127,137,121,124,130,127,137,144,139,119,129,121,132,133,138,124,133,141,125,125,128,128,122,120,129,131,142,131,124,128,127,129,125,119,121,131,123,128,116,118,125,138,138,129,138,135,122,113,132,123,123,135,120,123,128,125,130,123,127,131,130,118,137,131,129,121,126
131,132,124,125,137,130,119,134,133,134,128,126,132,130,142,133,148,116,128,124,124,127,132,124,134,128,126,129,130,135,122,123,135,135,134,136,130,127,129,132,130,122,124,129,132,122,125,117,127,131,148,131,135,131,118,119,125,121,118,136,120,125,129,122,129,124,130,132,131,115,132,125,124,127,128
127,132,127,128,127,128,122,138,129,130,125,127,138,129,139,143,142,118,133,124,131,126,137,123,128,137,115,128,133,131,130,121,132,135,138,126,126,125,131,130,123,122,115,134,132,124,118,128,122,135,142,135,132,133,121,113,125,120,119,129,130,125,127,125,130,124,128,130,129,119,138,127,130,129,119
127,128,122,125,132,129,120,131,133,137,117,122,132,133,140,144,146,115,136,118,132,124,132,127,132,136,117,127,127,129,123,116,133,132,142,131,129,124,123,131,127,123,125,127,126,126,113,118,128,138,141,132,138,137,118,112,132,119,124,131,125,125,134,119,127,130,130,136,131,121,133,129,127,121,126
126,132,132,122,134,127,126,143,123,133,120,132,136,126,135,134,145,120,131,121,128,129,131,123,128,130,123,125,124,130,127,122,132,134,138,134,125,125,126,132,131,125,121,130,137,126,121,118,129,137,143,125,136,134,111,121,131,121,114,136,120,125,125,122,122,121,126,130,134,121,132,119,125,128,125
136,134,124,127,122,125,128,133,129,137,127,128,136,133,138,133,142,116,130,124,127,121,135,131,128,133,115,126,131,134,125,124,128,135,140,131,127,126,126,131,124,121,120,129,129,129,118,119,120,133,147,130,130,131,117,119,131,113,119,137,123,128,129,128,128,125,131,128,123,113,138,128,127,133,117
124,128,127,128,134,129,128,140,128,134,120,124,134,128,142,143,145,117,132,118,131,128,134,122,139,135,115,128,126,124,128,113,129,140,143,127,126,126,127,129,127,117,123,134,123,124,116,119,124,137,144,137,143,137,115,110,135,116,125,139,123,129,133,116,124,129,127,131,131,118,141,131,131,124,124
127,126,127,126,132,126,128,134,123,130,129,132,137,134,138,138,146,114,132,124,130,128,131,123,130,133,125,127,128,125,119,119,134,132,141,135,130,129,126,130,129,125,128,123,127,125,122,121,127,137,143,126,138,133,116,116,131,126,121,135,122,122,131,122,127,123,130,132,129,119,131,125,126,125,122
131,132,123,126,126,137,125,142,133,136,125,127,131,132,143,137,147,119,122,124,130,125,132,132,127,141,128,130,127,131,123,120,126,135,132,134,132,127,125,133,135,122,120,134,130,129,121,119,124,141,145,132,127,132,118,120,125,119,116,132,120,130,129,126,126,122,130,127,133,114,137,130,131,124,127
125,132,128,129,127,126,129,140,129,135,123,130,138,133,138,139,141,120,131,119,132,124,137,125,131,137,117,125,130,125,129,121,132,140,144,128,132,126,130,126,122,121,118,129,126,130,118,112,124,134,141,134,134,129,120,113,125,119,119,140,119,126,133,122,130,124,130,127,128,119,141,134,129,127,119
134,134,127,124,130,129,121,133,126,130,127,127,134,130,144,135,146,123,128,120,129,133,131,123,131,136,122,131,124,124,122,115,128,131,148,134,130,129,120,127,129,124,121,131,131,121,114,125,127,135,142,129,133,132,121,113,134,119,121,140,117,116,132,123,125,124,128,131,135,123,138,131,125,129,125
130,131,132,129,129,130,122,140,128,138,125,130,134,130,135,135,144,118,129,126,128,129,131,127,131,132,124,130,127,132,124,126,127,134,132,128,128,125,129,132,129,124,124,130,132,125,116,116,126,133,143,130,129,130,110,122,130,119,116,130,120,125,133,125,128,114,130,126,129,120,135,126,126,133,122
130,131,123,124,125,126,121,133,136,132,118,130,144,126,138,139,138,119,131,118,128,125,138,130,130,137,121,129,132,126,128,124,133,139,138,133,125,126,125,128,125,119,123,132,128,130,126,117,127,136,146,139,131,130,117,115,130,115,125,138,119,128,134,122,129,121,130,131,129,112,142,135,129,132,118
122,124,134,131,132,136,124,138,125,143,124,127,133,131,138,139,139,122,134,123,137,124,135,124,132,134,125,126,135,129,126,116,133,142,136,128,131,124,122,133,123,124,122,130,126,125,125,123,127,134,146,127,135,129,124,118,134,122,121,132,123,123,131,129,130,125,126,128,131,122,132,127,125,129,123
130,133,127,121,134,128,122,138,133,132,126,133,138,126,142,146,148,118,127,125,125,128,135,125,130,127,126,134,124,135,122,125,134,130,136,136,121,124,129,130,131,127,126,127,133,128,120,123,122,131,148,131,135,130,111,120,129,123,117,141,118,128,129,120,124,115,125,133,131,117,134,123,123,130,127
127,131,129,129,127,131,130,136,127,142,126,128,131,135,138,137,143,118,125,125,128,127,138,122,132,136,121,125,127,132,125,125,132,134,136,129,130,124,127,127,128,123,121,133,129,124,121,123,118,132,147,135,130,129,117,123,122,124,121,137,122,127,133,128,129,117,125,126,129,115,139,131,132,133,118
126,129,130,129,132,130,123,135,130,139,124,131,142,130,143,137,137,122,130,120,131,125,145,119,131,133,123,125,132,122,127,117,137,137,138,127,129,133,124,131,127,124,119,134,127,129,123,113,123,134,141,134,137,133,118,111,133,120,116,143,124,121,133,119,129,126,126,132,130,118,142,133,125,127,122
124,132,131,119,133,127,118,144,126,136,126,133,127,130,136,140,142,118,126,124,134,132,132,123,132,137,126,129,128,131,123,122,127,130,131,133,121,126,129,135,129,127,122,130,129,127,123,120,124,131,141,130,132,130,113,114,130,123,119,142,121,122,131,122,129,119,134,128,130,117,139,129,125,127,125
130,135,125,127,131,135,129,137,130,132,129,127,136,127,145,138,137,119,125,128,122,127,136,129,127,134,118,133,129,136,122,128,130,133,137,135,138,124,126,133,127,119,124,134,134,123,122,120,122,128,147,135,127,126,120,122,127,114,120,136,119,123,129,128,130,118,127,123,129,114,139,126,126,128,117
129,129,129,133,123,124,118,140,131,139,122,130,136,125,138,139,137,121,134,120,131,124,139,124,132,134,116,129,131,127,131,122,133,131,136,124,131,126,134,132,125,128,120,137,128,126,118,122,121,133,145,132,135,133,114,114,134,116,122,138,122,126,137,118,128,129,131,126,132,119,137,135,132,129,117
131,135,127,119,138,133,124,137,124,130,125,130,144,125,145,136,145,122,126,125,124,130,132,125,131,128,117,129,132,123,119,120,129,132,136,128,126,126,123,129,127,125,125,130,137,129,119,122,126,136,142,128,133,137,122,119,135,124,125,139,124,125,129,123,130,129,128,128,135,118,131,127,128,126,123
126,132,128,127,130,134,125,142,128,135,124,127,131,123,141,136,141,116,130,121,128,128,132,126,128,128,121,137,128,136,126,125,138,131,143,139,135,125,121,134,127,122,126,129,130,126,124,119,122,138,145,132,136,135,117,120,124,115,119,138,124,128,136,127,124,125,128,123,128,117,133,125,129,130,128
130,131,135,133,129,125,123,132,130,133,123,129,138,129,137,136,140,116,130,119,129,125,139,127,130,128,120,126,127,130,128,123,130,129,132,128,128,132,129,126,128,124,127,132,133,126,120,118,122,139,144,133,140,125,117,117,129,110,126,135,125,133,133,123,128,129,133,127,128,116,141,126,128,129,114
127,126,136,122,130,133,128,141,130,140,127,131,134,125,144,140,143,129,133,122,139,126,136,130,132,141,125,128,133,126,128,118,129,138,142,134,118,131,120,132,120,126,126,129,131,125,121,117,122,135,144,131,133,133,121,119,123,114,121,141,121,123,136,122,125,132,131,130,129,117,139,136,130,121,123
129,131,135,132,135,124,124,137,133,135,124,126,136,125,138,136,149,120,125,128,127,127,135,127,128,131,122,126,123,135,121,125,128,131,127,139,126,127,127,129,133,126,128,128,128,131,122,116,124,131,148,135,141,136,117,118,132,123,123,138,120,129,130,126,119,127,133,128,128,112,137,128,128,127,123
133,136,129,126,123,134,123,141,128,138,128,129,136,130,138,138,138,121,128,126,125,119,143,131,125,132,115,133,128,133,127,125,130,130,136,128,128,125,129,125,129,117,118,132,135,126,117,123,119,132,147,132,135,133,117,116,128,120,121,141,126,127,134,127,124,130,131,124,128,114,137,131,128,129,122
125,127,128,130,126,127,123,139,132,137,124,132,135,124,140,136,142,117,129,122,127,130,139,131,132,133,117,134,130,129,126,120,134,136,137,134,128,127,125,125,126,120,125,135,124,128,123,121,121,134,145,132,133,135,126,123,130,120,124,142,125,127,134,120,130,127,122,133,126,119,136,136,128,125,121
133,133,126,123,133,132,123,142,130,138,125,129,135,134,136,134,143,116,126,126,130,129,132,126,131,130,121,128,123,131,121,123,131,132,136,128,127,127,123,131,129,132,128,127,135,123,123,120,121,130,146,128,139,136,118,115,121,117,118,134,119,126,126,121,123,126,132,131,135,120,135,130,122,126,125
127,133,132,130,127,129,127,142,136,135,124,126,136,126,143,140,143,119,123,121,132,121,135,130,128,129,120,127,134,139,126,129,131,132,137,129,130,131,133,132,130,121,120,134,127,127,122,119,117,130,144,133,131,132,121,118,126,118,120,138,122,131,135,125,126,126,130,127,129,125,138,131,127,124,119
130,133,132,127,121,130,121,133,128,133,126,130,137,128,141,137,131,117,133,121,125,126,137,126,135,135,126,129,138,128,133,122,132,139,146,123,133,130,132,130,132,124,122,135,136,128,120,116,114,133,145,131,135,131,116,115,128,120,122,138,126,126,134,121,125,129,129,129,131,118,138,134,128,126,120
123,133,135,128,134,127,121,142,133,137,123,133,139,124,135,133,138,125,128,128,136,131,134,127,132,131,125,134,130,129,124,121,132,132,140,131,124,126,129,131,124,123,133,132,128,126,118,125,129,128,138,128,138,135,123,116,132,120,124,136,125,126,132,127,120,126,134,125,130,123,139,121,122,125,123
132,136,131,122,127,134,120,137,125,140,129,125,138,128,141,136,140,117,132,124,127,132,135,126,129,127,122,126,128,134,127,127,133,128,141,138,131,125,125,131,129,123,124,130,133,126,123,115,119,132,146,132,133,126,114,117,123,121,116,135,125,128,130,123,126,122,133,129,131,120,135,125,126,131,122
129,129,127,132,125,127,128,140,134,136,126,134,139,125,140,136,134,124,129,121,132,126,132,125,130,126,119,123,134,125,135,126,131,130,131,133,125,128,126,131,131,128,120,132,128,130,126,114,121,137,143,136,137,130,120,123,127,115,126,138,128,126,135,125,131,125,135,127,129,113,138,128,130,134,120
127,133,135,123,128,130,120,130,126,139,124,130,134,127,136,139,142,122,128,125,139,126,140,124,138,134,122,130,125,128,125,121,135,135,137,133,127,128,127,131,126,124,124,131,128,127,118,119,119,135,141,132,144,132,120,118,125,117,125,133,122,129,130,123,127,123,133,133,129,117,142,132,128,127,122
125,129,126,130,133,132,125,139,125,139,129,131,130,131,140,134,141,120,124,129,126,129,138,133,128,130,122,128,117,137,128,127,127,132,133,144,128,128,125,132,133,125,120,131,134,126,123,122,110,133,145,126,131,130,113,122,129,120,116,141,115,123,130,128,126,127,135,129,137,117,143,125,125,135,121
130,133,130,123,122,132,126,138,134,138,122,133,137,124,134,141,137,117,125,123,127,121,134,126,129,135,120,128,127,130,127,124,132,134,133,133,131,125,125,132,128,128,125,132,130,124,125,124,121,139,147,134,134,129,118,121,124,117,123,131,125,130,135,127,128,126,131,125,129,120,135,130,131,128,119
119,124,131,131,129,132,122,135,129,141,130,132,139,131,141,140,140,123,132,119,133,132,135,129,134,131,119,129,127,128,131,121,130,139,144,129,132,125,128,126,134,125,125,140,130,129,116,116,114,131,145,127,133,129,117,112,126,125,120,138,125,125,133,123,128,131,134,125,133,124,137,135,128,131,122
130,132,129,123,130,130,125,138,127,133,120,127,132,120,136,139,137,122,123,127,135,125,129,127,131,125,121,139,121,129,122,120,133,133,138,135,124,129,122,125,126,129,130,130,129,125,115,119,124,136,145,130,136,135,112,112,132,123,123,138,123,128,130,128,125,123,135,124,134,122,132,126,126,129,127
127,136,134,128,129,134,125,141,131,139,127,134,140,129,143,143,134,120,130,121,128,118,133,131,132,137,119,129,135,135,127,123,133,135,134,132,125,129,128,129,135,123,126,134,131,128,124,123,115,135,146,136,136,128,122,125,120,121,121,135,126,126,130,127,125,128,135,124,129,120,137,134,126,131,120
132,130,128,133,137,126,118,128,133,138,125,126,134,123,137,143,139,122,127,119,131,124,134,129,134,133,118,128,132,127,131,120,131,139,142,131,134,128,131,128,123,124,125,133,131,129,122,119,115,133,143,128,137,136,117,114,126,119,122,141,126,130,135,125,125,124,130,123,132,118,139,128,125,132,122
131,131,130,121,131,134,123,139,131,129,122,131,137,123,144,140,139,123,131,131,135,133,131,132,127,131,122,131,131,127,124,125,133,134,135,135,120,129,130,130,128,129,125,130,131,130,119,115,122,134,141,130,138,137,124,117,129,119,120,135,123,125,133,128,126,122,130,127,130,124,136,129,118,128,120
126,129,133,129,135,132,129,131,134,136,125,130,137,125,137,135,136,119,124,126,129,123,139,135,130,132,124,137,131,133,125,127,135,132,132,132,131,127,124,131,135,121,130,134,133,128,127,128,121,130,146,138,130,133,118,120,122,114,121,140,125,128,133,129,130,124,135,121,129,115,141,126,127,125,123
129,134,128,130,125,127,125,136,130,142,128,123,136,127,137,139,134,125,132,124,128,129,137,127,129,130,120,131,136,131,133,124,127,139,145,133,130,130,134,126,130,128,124,134,131,128,120,118,117,135,142,132,133,132,120,117,128,118,122,137,124,128,131,125,131,121,128,131,128,118,138,128,130,135,113
129,133,132,131,135,139,123,134,130,130,119,135,140,121,148,136,134,124,129,125,136,125,136,126,131,131,123,133,124,134,121,118,130,134,132,133,122,128,127,129,125,121,125,128,131,124,120,119,123,133,143,131,136,136,120,120,133,116,132,143,124,126,129,124,124,130,130,124,135,123,140,132,120,124,120
130,137,129,125,130,134,132,138,128,137,125,124,128,128,132,137,141,117,123,129,127,128,136,130,126,132,126,129,129,135,124,125,134,129,131,142,134,132,126,133,132,126,129,132,132,127,124,116,121,129,147,132,128,131,119,119,127,119,117,141,122,128,131,127,130,120,134,130,132,123,137,123,127,128,123
128,131,133,125,127,130,122,134,129,140,125,127,143,125,139,140,129,123,125,123,130,122,138,124,131,131,116,129,132,130,132,127,130,132,135,139,130,135,130,130,134,127,128,135,129,130,123,128,117,130,143,130,132,132,122,119,132,116,123,154,129,130,130,122,124,126,132,123,131,121,138,132,130,133,120
129,131,129,129,134,127,125,133,130,136,122,135,140,122,144,142,135,122,133,125,131,120,130,128,133,131,119,130,131,125,127,120,130,135,137,130,129,131,130,126,129,125,129,134,129,126,117,119,117,131,141,131,138,133,122,115,135,117,121,161,127,127,136,124,127,127,132,126,127,121,142,134,123,130,125
127,131,134,123,130,135,124,143,124,138,126,126,129,127,137,137,138,129,126,123,129,124,128,129,128,121,124,129,123,139,124,129,125,131,139,135,130,129,122,130,132,124,130,134,129,132,123,121,119,132,143,129,129,131,120,118,134,124,125,171,125,134,131,125,123,125,135,124,136,119,132,123,124,132,127
133,128,127,130,128,127,126,141,134,133,126,136,144,126,139,140,136,115,124,127,131,120,135,127,129,132,117,130,136,133,133,125,129,141,135,125,123,128,132,131,130,127,122,131,131,135,126,122,123,134,146,131,131,125,119,117,138,115,123,174,125,127,133,128,127,119,134,120,129,120,135,133,128,135,120
123,132,132,125,134,129,121,133,128,143,122,127,133,120,138,138,132,119,133,120,131,125,133,127,139,130,121,128,130,133,133,119,128,139,138,129,128,131,131,125,130,119,122,135,127,125,122,124,121,139,141,137,138,131,124,114,133,116,126,186,130,133,138,124,127,125,134,124,130,120,137,132,123,131,119
135,132,132,123,130,136,126,134,132,132,130,131,143,127,134,135,142,125,128,125,135,124,141,127,131,125,122,136,122,131,120,122,129,131,134,129,116,127,124,125,132,126,128,132,132,127,120,124,119,133,149,130,133,131,118,120,136,125,130,184,118,127,131,124,123,125,135,127,129,123,134,126,121,129,122
130,132,131,133,133,130,122,132,141,137,125,128,131,128,140,137,131,116,132,125,128,125,137,130,127,128,120,126,127,131,128,122,131,137,140,134,129,126,125,132,135,126,128,128,131,127,119,121,113,133,145,129,130,124,121,119,133,117,120,189,124,130,132,127,125,124,132,123,133,119,135,130,120,132,121
124,133,133,125,128,131,129,133,131,139,126,134,141,129,141,141,132,121,128,124,135,131,137,123,133,131,120,130,131,131,128,124,133,138,140,129,134,129,127,126,130,128,127,131,128,130,124,122,119,135,148,132,136,129,123,120,134,120,125,188,128,127,136,123,126,127,132,122,124,119,137,130,123,136,117
129,126,134,124,132,127,122,138,135,137,123,130,131,127,137,140,140,125,129,124,132,126,134,129,132,126,124,130,124,129,123,120,132,131,133,129,124,129,121,131,129,124,128,131,134,126,117,126,119,133,141,134,134,135,116,119,133,124,127,187,127,124,129,124,126,126,128,129,132,123,138,131,122,128,122
123,128,131,125,130,137,125,138,135,140,127,129,134,125,141,135,135,118,127,128,128,128,138,137,129,128,120,136,124,133,123,127,130,133,137,141,131,131,124,132,135,127,131,132,129,124,121,122,121,130,145,130,137,131,116,124,133,120,123,198,123,133,134,125,124,122,131,127,134,122,131,125,122,130,124
133,134,132,124,125,128,126,133,139,135,126,133,140,122,136,143,129,121,125,122,135,122,138,129,132,130,117,126,134,132,133,124,134,140,136,131,131,131,125,129,127,124,126,134,133,131,122,122,120,135,142,132,136,131,118,125,133,115,125,197,126,130,130,123,122,126,132,122,123,116,138,130,127,133,121
125,128,128,123,129,135,125,136,134,135,129,131,138,128,141,140,132,122,126,125,131,125,136,125,131,128,117,137,129,130,121,124,125,138,138,129,129,129,120,130,127,127,129,134,130,120,119,119,120,134,143,129,134,132,122,117,134,119,118,195,129,123,134,123,125,129,127,125,133,125,139,135,119,130,128
127,135,137,129,129,129,124,145,133,130,127,130,130,121,132,133,140,121,126,127,128,125,133,133,124,125,121,132,126,133,128,130,127,127,138,138,123,130,128,132,135,125,127,130,132,125,116,120,122,135,143,129,137,128,116,115,132,114,119,196,122,134,128,125,125,116,130,124,132,120,133,128,124,131,125
130,131,130,129,132,139,126,135,145,139,123,129,139,127,142,136,128,118,124,125,136,121,140,124,129,128,119,128,132,131,126,122,130,134,132,128,122,128,128,127,128,121,128,133,135,125,119,120,120,134,148,132,131,124,124,122,133,116,122,197,127,130,135,127,126,120,136,118,129,118,138,132,124,133,122
124,130,131,128,133,130,120,140,137,140,122,132,140,131,136,134,132,122,130,126,137,132,136,121,132,128,122,128,134,131,127,126,130,135,140,133,130,132,127,125,131,124,126,131,125,129,120,118,120,135,141,135,136,128,122,121,136,120,128,189,125,127,132,122,127,128,129,123,130,119,135,133,125,130,123
133,133,132,129,130,130,124,135,142,128,121,128,132,121,140,134,138,122,131,127,132,131,136,122,130,128,119,131,125,135,128,122,131,133,134,128,121,138,125,132,133,125,128,131,130,121,122,122,115,132,147,132,138,128,126,123,138,120,124,198,123,127,131,130,122,123,130,133,131,126,132,129,117,130,118
130,138,135,125,136,139,126,138,144,140,124,133,139,130,141,130,132,119,127,125,135,123,145,129,129,132,122,128,126,132,127,125,134,132,130,135,131,130,123,131,131,128,130,131,132,129,122,126,113,133,151,133,130,130,122,125,129,120,119,190,125,129,129,125,129,128,135,124,130,117,134,130,122,131,121
123,130,134,127,128,132,117,135,138,134,121,132,143,127,137,143,128,117,126,124,128,130,141,123,136,134,116,135,133,128,132,120,132,137,137,127,132,131,130,128,129,124,126,130,138,131,119,124,113,136,155,127,136,136,126,120,129,118,119,203,132,127,133,127,125,129,130,122,124,122,132,133,125,137,123
134,130,133,133,129,130,119,135,130,139,118,130,135,127,139,136,134,122,133,124,134,127,136,132,134,125,116,127,124,134,128,127,131,133,138,133,127,134,125,132,132,130,128,135,129,126,119,121,122,137,161,128,130,130,116,123,139,120,125,188,125,124,132,125,125,124,132,127,133,130,137,134,116,131,133
129,134,129,123,126,134,122,133,137,131,124,131,138,127,135,131,131,120,122,132,129,126,135,126,128,126,119,132,133,130,127,125,135,131,131,136,129,130,127,135,134,121,128,129,134,127,118,120,119,135,176,129,134,129,121,127,131,114,119,170,123,129,129,125,128,120,135,123,134,120,129,130,122,132,127
130,136,133,127,137,129,124,128,136,141,121,129,140,124,140,133,126,117,125,121,128,129,138,131,134,124,122,127,130,129,134,123,132,138,138,131,127,133,126,127,130,123,129,137,124,128,120,120,113,137,186,136,134,127,116,120,136,118,123,167,128,130,131,130,129,125,131,118,131,117,133,130,121,135,130
123,128,131,119,131,132,122,139,132,133,121,130,132,127,141,142,137,126,132,124,133,127,133,132,134,126,123,131,132,134,121,123,130,137,143,128,126,135,129,125,134,127,130,127,132,125,120,116,120,138,192,136,132,130,125,114,141,121,128,158,127,127,132,121,127,124,134,113,132,125,142,129,124,133,125
131,138,137,126,129,133,122,131,133,141,130,126,138,129,131,135,133,120,118,121,133,133,134,128,129,123,121,131,130,133,133,129,128,130,129,133,127,132,114,129,133,126,128,130,131,129,120,126,116,130,199,126,132,132,119,118,128,119,117,144,121,129,129,129,124,122,129,114,130,123,132,130,118,134,128
123,129,133,125,122,130,128,139,131,139,124,136,137,127,138,141,131,123,131,122,132,120,132,130,136,131,117,119,130,133,130,123,132,136,136,133,125,129,104,125,138,125,124,133,128,127,123,126,114,134,197,133,136,136,117,130,131,123,122,146,125,131,131,130,128,123,137,112,126,122,133,132,124,138,119
132,125,137,125,128,129,123,127,129,139,122,133,136,124,138,138,129,125,128,126,137,132,143,131,131,129,124,130,135,130,130,122,131,133,140,126,128,128,97,127,125,122,132,134,134,125,117,119,124,135,200,127,133,134,121,117,130,126,125,139,127,125,131,124,129,124,131,114,131,125,135,137,121,133,124
127,126,135,125,132,134,122,138,127,133,125,131,131,129,140,138,134,119,124,123,131,124,138,124,131,131,123,133,124,133,127,124,130,126,133,136,121,132,93,126,133,129,131,129,130,127,122,124,116,134,205,136,129,134,119,128,134,137,117,145,122,132,127,131,125,122,135,113,133,121,131,130,117,133,123
134,133,131,127,128,135,129,132,131,139,125,137,138,132,133,132,129,114,124,126,136,124,141,127,128,127,117,127,133,132,130,123,135,115,131,136,131,125,89,132,132,131,130,134,135,128,124,124,116,131,210,137,129,138,118,124,134,144,127,137,127,129,133,129,128,122,139,114,132,119,131,128,126,136,129
122,126,137,128,129,131,118,132,137,142,123,134,131,124,139,136,129,117,128,123,134,128,141,128,132,129,115,128,132,132,130,122,134,111,137,128,124,135,81,124,129,126,127,133,118,129,118,119,118,137,207,129,133,136,123,119,139,150,124,144,132,129,130,125,132,118,133,115,129,124,138,130,131,137,120
128,127,131,127,131,130,123,140,131,132,128,131,139,129,140,132,136,126,134,123,137,128,132,124,137,126,128,134,131,130,123,122,126,99,134,122,128,133,77,126,128,129,133,131,117,125,114,117,118,136,208,126,135,133,118,122,137,151,125,140,125,129,125,126,125,118,132,111,132,127,131,133,117,130,126
129,134,135,129,129,130,131,140,135,143,126,135,140,127,131,136,133,125,119,129,127,128,137,130,129,122,122,131,132,132,129,121,132,97,130,136,128,129,79,128,130,131,130,134,109,128,126,125,120,135,207,137,126,129,113,129,129,168,120,139,124,135,126,132,125,114,136,110,128,126,130,130,124,134,131
126,126,125,123,132,129,125,129,132,134,125,132,135,122,135,134,130,122,125,125,137,127,140,121,133,127,118,127,132,128,136,130,121,95,140,125,126,127,74,126,128,124,127,132,100,129,128,120,115,136,214,130,132,129,118,126,137,162,121,142,132,129,131,123,128,114,136,108,127,125,137,132,120,135,123
128,130,134,131,130,130,127,141,134,135,118,137,139,127,136,141,133,130,130,124,132,128,137,124,132,124,121,129,133,124,124,120,116,86,129,124,130,135,74,127,131,123,130,130,92,123,125,119,113,140,207,129,131,130,119,118,139,176,123,135,126,130,122,127,130,114,133,109,125,128,138,130,124,137,126
131,132,133,124,135,134,127,130,137,136,124,129,135,128,140,132,134,120,117,126,138,124,130,136,126,119,130,130,124,136,129,125,102,89,133,126,126,127,73,131,136,125,133,132,88,127,138,117,115,124,209,129,126,129,114,122,137,178,120,138,127,131,124,129,128,111,138,107,132,125,132,129,120,139,128
127,127,130,128,127,134,126,136,135,141,122,135,131,127,134,137,121,127,130,126,134,125,138,122,134,130,118,133,127,131,133,129,94,83,129,136,130,130,69,131,132,124,128,131,85,131,147,129,109,132,211,131,130,133,120,130,135,181,119,136,130,132,121,129,134,112,137,108,132,122,140,128,128,136,126
124,134,140,125,130,132,123,126,136,138,123,132,136,128,139,140,129,123,128,125,138,127,137,127,131,128,116,132,132,127,127,122,89,81,137,128,127,130,68,126,132,125,136,132,82,127,153,118,115,133,203,136,131,136,117,117,135,174,120,139,133,130,124,129,128,112,134,110,130,126,136,136,123,135,129
127,130,130,130,134,137,130,135,129,137,124,132,139,129,133,129,133,127,126,125,137,130,134,129,126,129,127,132,132,137,127,122,83,80,131,136,122,134,73,126,134,132,133,134,77,124,163,124,124,135,204,132,134,130,111,126,133,184,124,134,127,130,119,129,125,105,135,111,132,120,127,129,112,132,130
129,134,137,128,127,134,128,130,136,136,125,129,138,129,146,137,134,116,128,125,132,123,136,126,130,130,120,126,133,131,136,124,80,80,128,128,131,123,69,128,129,125,128,134,79,126,172,135,110,138,215,131,129,125,113,124,129,185,123,139,130,132,123,127,125,107,132,106,133,122,132,131,125,138,128
124,125,133,125,132,125,126,126,136,137,121,134,135,122,132,138,125,125,126,122,131,132,139,125,131,131,120,134,127,128,125,126,76,83,138,121,121,133,74,130,131,123,126,134,74,125,172,139,116,135,205,132,132,133,110,121,131,185,131,138,126,133,127,121,130,112,130,113,127,125,135,130,130,134,122
129,128,134,125,126,136,130,131,133,136,124,134,136,121,138,132,126,124,132,135,130,133,133,125,132,125,126,132,135,133,129,126,75,81,126,110,106,136,72,128,127,124,132,133,77,124,176,152,123,135,209,130,132,131,117,122,139,185,122,136,126,126,124,125,127,111,133,115,132,126,135,133,122,137,133
127,130,130,126,136,134,123,130,140,138,121,128,143,129,139,128,131,121,126,123,133,122,142,132,129,122,127,125,131,130,125,120,72,80,129,98,106,130,75,130,130,125,132,132,78,126,181,160,117,136,202,128,126,125,110,126,124,183,121,135,124,132,121,128,128,108,135,107,127,127,127,133,125,140,132
125,133,136,126,125,130,127,131,141,139,127,131,141,112,137,137,124,129,127,124,132,118,140,125,138,125,120,122,135,129,116,111,70,83,137,88,99,130,74,126,129,119,127,137,78,125,174,161,118,147,189,135,125,132,122,122,132,175,124,128,127,134,127,130,127,116,134,111,127,121,137,133,124,143,124
130,125,133,123,135,134,128,135,134,134,120,133,129,125,145,132,133,128,135,124,137,119,133,126,129,127,124,136,128,129,110,98,82,84,130,86,89,138,78,126,125,123,117,132,82,123,173,163,115,154,173,136,129,138,118,122,138,189,123,132,128,122,128,124,128,116,135,112,129,129,131,136,124,137,132
127,128,137,124,130,133,119,131,139,139,129,133,137,126,136,134,130,129,122,127,129,120,134,127,130,127,121,135,130,130,101,93,80,85,132,89,93,137,70,127,134,126,110,133,80,131,175,173,115,164,167,132,123,127,115,124,130,183,121,127,125,138,128,136,127,112,134,117,134,123,132,128,126,140,134
125,125,135,123,134,138,128,127,136,134,116,132,135,126,138,129,128,122,130,132,136,116,131,123,127,128,122,127,134,137,96,90,78,82,130,79,87,138,78,127,136,129,97,135,75,133,178,171,115,171,153,134,133,132,118,123,137,185,123,123,132,129,134,127,130,113,136,118,128,127,137,134,125,135,125
123,121,134,127,130,131,117,127,131,139,121,132,138,123,144,145,129,121,126,124,133,119,136,123,134,127,118,132,124,129,86,79,75,83,135,85,79,133,81,129,129,125,104,134,82,130,174,171,121,178,149,130,126,132,118,117,132,179,130,125,130,124,135,130,127,118,133,122,132,130,135,137,123,134,131
130,127,134,122,141,132,127,136,137,129,118,139,131,128,129,129,130,122,126,130,135,113,129,134,129,126,125,129,129,126,86,76,77,85,122,90,82,134,89,130,132,125,88,125,81,131,173,166,119,178,148,137,133,129,119,130,135,182,136,128,123,131,136,127,126,117,134,124,132,130,125,131,122,133,131
129,120,130,121,125,140,131,133,137,139,124,129,140,125,136,135,128,121,123,127,134,113,139,131,131,128,123,135,130,133,83,71,81,85,130,87,76,128,111,128,141,125,84,120,81,127,170,175,113,183,156,147,127,127,116,139,129,172,145,122,134,128,139,130,126,126,135,117,133,122,132,128,126,144,129
131,130,128,130,136,127,123,135,134,134,125,130,136,122,137,139,120,122,129,129,135,120,131,122,130,129,126,132,137,124,70,71,80,97,133,83,79,130,117,127,131,129,80,114,84,126,163,169,113,191,147,156,127,136,123,145,136,182,148,124,126,131,145,123,130,129,131,119,132,126,141,133,124,142,131
132,127,138,122,137,139,128,135,132,133,122,137,137,124,143,129,129,124,125,129,132,113,123,131,124,126,125,131,128,120,74,70,75,98,125,85,79,132,129,127,136,125,77,97,93,124,156,172,121,190,147,167,130,128,126,151,135,175,150,125,127,127,137,132,122,123,133,124,134,130,128,135,124,139,128
129,129,130,131,135,134,128,136,137,137,128,135,137,124,131,134,122,121,128,135,130,115,129,130,127,123,120,130,131,128,71,72,78,110,118,80,73,131,137,131,130,129,72,104,104,129,136,171,114,194,146,174,127,130,126,164,128,179,160,119,122,133,138,131,132,128,135,123,132,122,131,126,125,137,134
129,129,132,130,133,133,127,131,134,142,115,130,143,124,135,137,117,123,127,127,133,113,127,130,131,130,121,125,136,120,72,73,84,126,118,83,72,134,147,129,124,125,74,91,114,129,146,170,116,194,153,179,130,133,127,162,132,176,177,119,126,129,142,123,128,125,129,124,125,128,134,137,127,144,126
127,126,131,120,130,138,124,133,138,128,124,138,138,120,141,131,127,136,127,126,138,113,123,125,132,120,122,133,126,123,71,67,97,135,104,83,78,135,142,132,130,131,75,86,122,125,132,162,118,194,145,174,127,132,125,175,140,174,177,125,120,129,146,127,129,128,135,127,127,127,130,135,127,136,138
128,127,126,128,141,133,128,131,129,138,125,132,139,128,133,137,126,121,125,132,127,113,131,127,129,127,126,129,127,123,73,71,107,140,99,86,71,129,138,132,129,128,74,82,137,126,137,149,114,194,143,183,133,129,117,175,131,167,179,123,120,129,139,119,124,128,138,125,138,128,132,128,122,137,135
129,131,135,129,132,133,127,131,136,136,126,136,136,119,140,134,126,119,129,129,134,113,127,127,129,127,116,123,137,116,74,73,119,148,93,86,72,128,148,133,130,125,76,80,147,129,133,135,124,191,145,184,127,134,125,172,135,148,186,123,112,131,144,122,130,129,135,124,128,122,135,132,130,138,128
126,121,130,130,136,133,127,129,132,138,122,136,136,123,144,136,126,128,126,122,124,110,127,117,126,130,124,124,127,119,71,79,132,144,91,76,75,121,143,128,129,129,77,77,146,126,132,128,129,187,139,187,131,130,126,173,134,137,183,122,115,124,135,110,124,132,136,129,134,130,131,135,128,139,130
130,134,131,127,139,136,129,133,137,133,129,132,141,120,131,129,126,122,126,127,131,114,124,118,131,124,129,120,130,118,75,71,137,144,89,92,67,107,145,131,130,127,75,81,153,129,138,124,133,190,145,184,128,131,126,179,133,139,177,122,111,133,136,121,129,126,131,126,131,127,126,130,127,137,135
128,127,134,135,133,137,119,126,137,142,118,137,135,129,139,134,127,117,119,129,123,115,129,116,127,126,124,116,135,116,72,76,140,149,83,95,73,99,145,134,138,126,78,78,149,135,139,129,140,191,144,183,131,128,128,177,128,122,180,121,114,129,139,120,129,131,138,122,130,125,132,130,129,141,129
131,133,131,129,128,135,123,137,139,141,127,135,141,123,134,133,124,122,118,120,126,110,126,115,132,121,120,116,130,118,79,72,145,145,78,101,79,92,152,129,128,126,78,78,147,128,137,117,148,192,142,184,134,130,129,174,132,120,176,124,117,128,143,117,132,128,134,127,131,128,138,137,126,138,131
130,126,132,126,136,131,128,137,130,140,118,135,135,119,136,136,125,127,117,126,124,113,121,114,125,120,126,119,133,116,73,74,142,143,82,113,75,90,144,134,136,126,74,82,148,131,131,119,161,187,137,187,134,134,121,178,137,121,184,122,115,132,135,118,125,130,134,127,131,135,127,127,127,133,133
128,130,139,127,136,133,130,131,140,134,122,134,144,129,137,131,126,116,114,122,121,118,128,111,129,127,121,123,132,116,75,70,150,141,85,127,77,81,149,135,135,132,77,80,146,135,135,125,164,184,139,175,127,130,129,167,132,119,173,122,114,132,138,121,124,125,134,118,132,125,129,133,125,142,135
131,127,131,135,127,133,126,132,140,140,127,134,137,115,139,139,121,115,120,118,120,114,120,112,131,129,120,117,125,115,81,77,148,146,76,133,78,79,145,128,128,123,79,81,148,129,131,122,165,178,128,169,133,135,123,155,133,111,180,118,118,131,144,117,129,132,129,121,129,128,138,136,124,139,129
126,130,127,128,142,140,129,127,133,135,118,128,136,125,136,132,127,119,112,120,124,118,122,117,130,125,126,119,133,121,79,74,141,150,77,144,74,80,145,136,136,126,77,82,151,124,126,123,173,155,123,153,140,134,130,137,135,121,176,122,119,128,137,119,129,132,135,126,133,130,127,127,125,136,130
133,132,136,129,136,132,125,135,144,139,122,130,138,127,133,130,121,113,112,125,119,120,128,116,125,121,129,118,129,122,91,92,146,145,88,135,89,81,145,138,136,130,89,83,152,134,133,129,173,147,129,143,144,131,122,132,128,117,174,118,115,135,133,118,127,126,131,119,135,129,131,128,124,135,129
132,124,131,129,126,138,120,130,136,135,126,136,138,119,139,140,125,118,116,118,122,122,118,116,127,125,125,117,129,117,97,92,147,151,80,137,102,76,147,126,129,126,95,83,155,143,135,122,174,140,129,143,149,132,128,129,133,116,179,122,115,130,129,116,132,134,130,117,128,124,136,136,128,138,126
127,131,135,132,135,136,123,130,142,137,116,134,132,123,140,138,122,119,114,122,122,125,126,107,137,127,127,121,131,117,113,113,147,147,77,142,103,77,144,130,126,130,113,81,147,147,129,121,176,136,125,128,157,133,126,125,133,114,178,122,116,131,136,112,125,127,127,129,133,124,126,131,124,135,134
133,133,131,124,132,131,126,137,136,140,122,129,137,126,135,138,118,114,110,121,118,139,131,117,126,119,130,119,132,116,128,118,148,148,87,144,129,78,149,134,120,124,126,82,159,164,131,120,177,129,126,142,166,127,126,128,134,121,163,121,115,130,130,116,127,126,132,129,135,127,129,131,123,135,133
133,129,131,135,131,138,126,129,130,132,129,136,138,124,142,139,110,117,113,120,119,135,124,114,129,121,120,121,130,125,141,131,146,148,83,142,137,78,145,133,106,126,136,79,147,169,132,124,170,131,128,139,170,131,140,130,132,111,159,120,118,136,134,123,130,128,134,117,124,124,131,135,124,140,125
128,135,137,129,134,134,132,129,137,141,120,137,138,126,146,132,114,119,112,121,118,138,123,112,130,129,123,118,131,118,143,134,148,152,91,140,133,77,147,133,102,127,146,80,149,169,129,119,176,129,122,134,181,132,148,131,138,111,148,120,125,131,139,121,126,132,128,123,133,128,136,136,128,145,130
130,131,136,126,132,136,124,130,127,137,124,135,132,123,131,140,112,111,110,120,118,148,123,113,123,124,129,118,131,130,145,139,149,149,98,146,145,78,150,132,98,129,151,86,149,178,119,119,175,129,130,136,182,131,146,134,134,111,133,118,119,131,127,131,131,132,132,128,135,133,130,133,122,133,131
134,133,139,129,134,136,127,131,137,140,125,134,133,128,138,134,116,112,116,116,117,141,122,119,134,124,125,118,127,133,144,140,146,149,102,154,135,78,145,135,97,134,151,96,147,177,119,114,170,126,127,136,182,132,168,128,130,115,133,117,128,134,132,130,128,128,135,123,123,127,127,131,125,140,132
127,125,132,128,133,130,122,129,138,139,127,129,139,119,140,129,112,117,110,120,118,141,128,117,128,126,122,132,136,129,150,139,150,149,129,145,140,81,150,128,85,126,153,106,144,190,113,124,173,133,125,130,190,136,166,127,133,104,135,114,132,130,135,131,132,132,126,126,131,134,130,131,129,137,130
134,131,136,126,130,138,130,130,132,134,125,141,129,123,141,140,117,113,110,124,121,145,134,124,133,128,129,133,121,136,151,142,148,144,137,147,138,79,149,130,80,123,155,116,145,178,118,120,167,131,123,132,184,133,172,121,131,109,132,123,132,125,130,133,124,128,131,129,125,132,127,132,123,134,131
129,129,135,133,135,136,123,128,134,137,131,125,125,124,143,133,110,114,114,119,120,145,136,133,126,127,125,133,122,140,152,144,147,149,137,147,148,82,152,130,80,121,151,127,146,183,123,125,170,128,129,139,178,129,176,125,134,103,132,115,126,129,129,138,130,125,128,125,126,127,126,127,125,136,134
132,134,127,135,133,133,125,135,145,137,125,137,136,121,136,140,115,119,112,124,125,145,139,134,132,128,119,145,131,137,154,138,144,149,141,142,139,79,147,126,75,105,155,138,148,183,121,122,155,126,122,134,183,133,172,124,133,98,126,121,138,127,135,131,124,125,132,128,122,129,129,135,125,139,131
130,128,140,132,133,133,122,127,138,137,124,133,130,127,145,139,116,120,115,132,127,145,145,137,129,126,122,136,122,139,144,141,143,147,143,144,141,79,151,123,74,95,149,144,140,184,120,122,146,129,124,129,185,133,183,128,139,107,132,121,130,125,137,133,125,133,127,122,123,126,119,134,124,131,135
140,132,136,129,140,136,120,139,131,139,130,137,133,122,138,140,112,117,121,131,139,147,138,143,119,120,118,134,119,146,146,143,143,149,144,142,141,82,141,133,74,93,155,148,146,181,124,123,133,121,127,130,179,126,175,128,135,105,126,117,133,124,130,137,121,127,133,122,123,129,120,133,121,137,133
127,139,125,127,131,133,126,134,139,141,133,134,128,128,134,138,116,120,119,134,146,142,141,137,133,129,109,137,122,139,156,140,150,149,141,148,145,79,146,130,70,84,150,145,143,182,122,115,122,125,124,135,176,136,172,120,139,98,130,118,132,124,137,135,129,126,132,125,124,125,124,135,124,141,137
131,123,138,135,134,132,125,126,135,137,128,138,135,123,146,136,114,118,124,144,140,149,141,137,133,128,118,137,124,137,152,141,144,149,144,137,135,83,142,119,74,79,160,150,137,176,115,114,124,127,120,125,172,145,178,126,146,102,129,125,133,120,137,133,129,132,132,125,123,119,125,138,125,137,136
134,137,133,121,132,139,127,136,132,139,130,133,123,120,137,131,110,118,132,132,139,152,143,141,128,122,119,142,115,147,151,148,141,144,144,144,142,92,143,118,74,78,160,152,148,168,118,116,120,119,125,125,165,140,177,129,152,104,125,119,132,122,136,141,122,126,135,126,127,124,119,131,120,134,139
132,127,130,135,127,132,129,132,139,134,123,130,133,122,143,133,116,124,131,135,145,142,140,143,129,127,112,137,118,140,151,143,145,149,143,141,142,102,151,108,77,75,160,153,148,156,121,114,114,126,120,119,148,151,172,125,164,97,121,113,135,123,136,139,127,129,138,126,119,124,124,131,127,137,139
134,130,134,129,137,129,124,121,138,140,132,140,134,122,138,141,114,133,135,147,144,137,147,133,128,126,119,140,118,139,149,140,137,151,146,145,145,114,145,102,75,77,166,150,142,138,113,119,116,123,123,124,140,155,181,122,171,95,129,119,134,118,137,133,121,124,133,126,113,123,131,133,129,134,138
130,136,131,125,134,135,119,132,132,137,126,129,131,124,145,132,110,144,136,142,141,148,143,140,127,122,119,148,118,150,153,147,140,148,144,140,140,123,145,92,75,75,164,152,152,128,113,119,118,117,117,124,137,160,156,122,172,104,125,118,131,119,131,139,123,131,136,127,122,131,123,134,121,133,142
134,134,133,133,131,131,124,130,132,138,123,131,137,123,141,133,113,137,133,141,142,142,133,136,125,120,111,140,123,143,157,142,145,148,145,146,146,140,146,93,74,72,152,151,148,127,121,117,118,112,124,129,131,172,155,125,178,99,127,110,129,129,135,135,119,126,142,121,119,117,127,129,123,136,143
133,132,129,125,133,127,124,133,139,136,127,133,133,124,137,124,121,144,132,139,148,141,142,130,129,119,117,139,125,137,153,140,140,149,140,146,147,148,152,87,77,71,149,148,146,127,115,110,120,123,117,128,135,184,139,121,179,101,123,119,136,124,133,134,130,132,144,126,113,118,125,134,122,136,135
136,129,136,131,131,129,124,129,137,140,121,141,131,128,141,126,118,140,137,146,140,142,138,131,130,124,117,141,119,142,149,144,144,151,146,148,139,151,146,85,74,71,146,146,145,123,114,117,117,117,113,120,134,190,131,115,177,101,120,119,134,120,135,131,122,131,138,125,121,119,122,131,123,136,138
136,135,133,122,138,137,125,139,135,141,134,129,137,128,131,113,125,139,134,138,141,139,138,138,124,114,113,130,121,143,151,142,144,147,139,147,146,147,143,86,74,74,153,151,141,129,116,113,118,122,115,129,131,192,125,120,178,94,110,112,133,130,132,142,118,127,142,122,119,117,126,126,122,139,142
137,125,137,134,127,135,125,127,134,138,126,138,132,120,138,117,132,146,134,139,144,132,139,132,132,122,118,140,122,138,150,141,144,153,145,140,146,151,152,81,75,76,151,151,151,129,125,110,112,117,114,121,132,201,130,121,179,106,111,115,136,129,137,134,122,130,146,125,116,121,125,129,129,135,136
130,128,130,130,133,132,128,128,139,147,132,133,135,126,139,121,130,144,133,145,145,137,144,133,131,128,114,136,121,139,148,146,136,147,148,146,141,150,144,80,74,78,147,153,140,124,114,111,120,121,117,115,133,202,128,114,186,102,114,121,137,124,135,135,126,129,139,132,122,128,129,132,125,131,141
133,136,141,128,138,134,126,135,131,138,128,141,128,125,141,115,140,138,140,137,140,140,144,143,127,117,113,135,124,144,152,152,143,145,142,144,149,150,147,84,76,74,151,158,147,127,114,110,118,116,118,124,134,198,127,118,180,97,110,116,129,131,133,135,124,128,140,130,127,120,124,124,120,137,140
135,132,131,137,127,131,126,128,137,139,131,132,135,129,139,122,136,142,134,143,149,138,140,141,128,118,118,142,124,139,153,143,145,149,141,151,141,149,145,80,79,74,149,158,144,128,114,115,115,119,117,124,128,201,129,125,176,99,115,114,131,135,135,135,127,123,147,121,127,118,125,124,128,133,139
131,130,139,131,135,129,126,131,133,137,124,140,133,127,144,121,138,143,136,142,148,136,145,135,136,114,113,146,118,137,147,139,144,149,140,136,150,150,152,85,79,75,149,152,140,124,119,106,115,123,115,120,134,197,130,115,165,98,108,117,134,134,136,130,126,131,138,126,136,123,127,129,126,136,138
133,133,132,129,131,129,123,132,133,140,134,133,131,123,139,123,128,139,134,140,139,143,138,146,131,116,122,140,123,149,147,146,144,145,142,146,139,152,139,82,84,74,148,150,141,124,116,114,116,118,115,126,132,196,125,114,152,94,114,114,131,130,131,135,128,126,137,127,132,130,122,126,125,134,141
140,130,128,137,129,135,126,130,138,133,134,132,139,138,144,126,138,148,136,138,146,140,136,136,126,122,129,136,124,144,153,149,140,149,140,148,147,149,147,81,80,74,152,155,142,119,117,119,109,117,113,125,124,199,120,114,137,100,108,115,134,137,135,139,128,128,146,124,140,119,124,128,128,136,139
133,128,135,132,136,124,119,132,142,140,125,136,128,129,138,124,135,142,128,140,143,136,136,131,131,120,131,135,125,130,149,147,141,151,146,137,143,149,144,81,76,78,149,155,144,120,117,115,112,118,115,123,126,191,127,120,135,105,111,115,131,133,135,137,131,134,142,125,138,119,128,124,129,137,141
135,132,133,130,133,125,125,130,135,138,131,137,135,130,137,116,135,141,134,141,145,138,141,134,129,120,131,141,134,138,146,148,142,144,140,148,150,157,145,81,86,74,146,148,149,126,119,108,109,114,115,122,124,196,121,117,130,97,112,119,133,129,135,136,132,127,140,123,136,128,126,124,125,133,138
133,129,132,136,130,136,122,132,138,143,131,135,127,134,139,119,135,146,141,140,145,143,142,138,122,121,141,134,133,133,142,149,148,148,142,144,143,148,142,87,96,80,148,154,145,122,116,113,110,114,115,119,125,194,124,117,132,99,105,116,133,135,129,138,130,129,139,122,140,125,122,126,127,141,144
133,133,129,130,131,131,126,130,141,139,128,135,140,130,138,122,142,144,129,144,138,138,144,127,134,119,135,141,136,134,143,143,142,152,148,143,142,160,149,88,105,82,146,154,142,126,112,114,112,120,110,123,122,195,125,122,133,100,115,117,138,135,134,139,133,127,135,129,136,118,125,129,134,141,142
135,126,137,132,131,132,123,125,139,130,124,136,128,127,133,120,127,138,130,139,136,145,138,131,122,121,133,136,138,133,148,146,141,147,143,146,142,163,146,82,120,88,150,150,141,125,109,110,108,114,106,120,125,199,129,115,131,91,112,123,132,129,134,131,135,130,134,121,136,126,131,122,127,139,138
138,132,133,126,131,126,125,136,139,135,130,135,137,138,137,124,138,138,137,145,142,140,138,141,123,123,144,130,140,135,149,151,138,144,146,144,143,158,149,95,135,101,153,149,146,125,112,114,108,116,113,119,118,191,119,120,127,96,109,116,133,135,129,138,127,126,142,124,140,125,125,129,129,138,141
132,131,129,133,125,134,124,131,136,139,128,135,138,133,135,119,135,140,127,136,142,142,140,135,128,121,143,138,144,136,149,150,144,152,141,146,152,153,146,107,146,111,150,153,147,122,117,111,106,116,111,124,119,192,124,119,125,102,109,113,134,132,133,137,130,128,139,121,139,124,136,126,127,145,141
129,131,135,130,129,129,123,133,141,129,126,132,139,132,138,116,138,135,130,141,139,139,138,125,128,130,139,140,140,129,143,144,144,146,149,145,139,155,149,115,150,125,152,151,143,125,116,105,110,118,105,119,124,185,124,114,126,100,109,120,132,128,134,131,135,128,143,129,136,124,137,128,132,140,138
134,127,127,133,132,122,129,132,140,131,127,140,129,136,139,119,131,137,132,140,136,145,139,142,122,133,143,134,142,130,147,148,140,142,138,141,147,150,143,123,156,133,148,153,145,121,119,111,110,113,108,115,119,172,124,115,128,97,114,113,132,133,134,136,129,137,138,126,141,129,134,124,127,138,144
128,128,132,127,134,132,124,132,132,138,130,127,135,129,135,122,138,139,134,140,142,139,129,134,126,132,144,128,147,134,146,153,148,147,146,150,145,154,146,140,155,149,154,157,145,121,115,113,107,114,114,121,123,161,116,119,133,97,110,114,137,135,131,138,134,131,145,120,138,130,135,126,127,140,141
135,132,134,131,134,130,131,128,144,139,125,141,130,126,140,123,134,136,123,146,144,136,139,129,128,127,135,134,137,128,146,146,147,147,145,139,147,153,152,143,160,155,143,151,143,117,109,106,111,118,104,120,126,150,119,111,131,102,113,118,137,128,135,136,130,138,138,124,134,127,142,124,129,143,138
133,131,135,130,131,132,124,127,130,140,135,134,128,130,139,129,126,129,129,139,137,144,141,137,121,133,137,130,137,136,149,147,141,151,145,147,141,156,139,142,157,158,148,148,145,121,104,108,110,112,109,117,123,139,114,117,134,102,109,123,136,132,134,133,129,136,140,130,140,135,133,130,122,138,141
135,132,133,128,127,124,130,128,136,134,126,135,133,132,137,139,134,143,136,129,142,135,133,132,126,137,149,131,148,135,148,153,144,141,143,147,154,152,143,143,152,155,152,157,144,115,117,109,107,117,117,123,119,132,113,120,128,95,103,114,134,133,130,135,132,130,146,124,136,135,136,128,127,136,143
129,132,126,129,125,136,123,126,143,136,136,134,128,127,136,139,127,133,130,136,137,142,137,131,124,128,142,135,141,133,151,143,150,149,143,149,146,157,144,149,153,161,142,157,143,114,109,108,105,116,108,116,116,130,122,117,123,97,104,117,137,132,132,127,128,131,141,120,136,130,139,136,127,143,141
135,130,133,130,134,124,127,129,132,128,124,140,136,131,139,138,130,133,128,137,138,138,137,131,118,132,141,132,140,135,150,144,141,142,147,142,148,163,148,147,155,163,157,156,141,114,112,105,107,117,111,119,124,124,112,112,125,101,111,118,140,126,131,131,127,135,141,133,137,136,138,137,127,145,136
130,127,134,127,126,129,125,133,140,133,132,127,131,128,138,144,127,135,134,138,138,144,132,138,127,135,139,136,142,132,146,147,140,149,137,151,153,160,140,149,159,166,150,154,151,120,119,110,110,114,112,119,119,122,121,121,124,97,103,114,137,129,130,131,132,127,138,133,139,137,130,133,125,135,141
130,133,128,134,125,132,127,128,141,133,130,137,128,137,133,145,134,137,122,135,140,133,133,133,124,131,138,137,137,134,148,143,142,143,146,157,144,160,151,148,155,160,148,149,145,121,114,112,105,119,108,118,120,123,117,114,123,95,105,110,132,136,134,134,130,130,140,119,137,135,139,139,129,145,136
134,126,131,129,134,126,128,132,132,136,128,133,131,128,136,135,127,139,129,139,139,135,138,136,120,128,135,134,141,134,145,143,147,148,149,145,143,158,144,142,156,162,146,145,142,113,112,105,107,107,106,119,120,128,117,120,123,92,110,118,142,130,131,130,134,132,136,127,138,135,139,141,126,137,138
133,127,130,132,127,131,133,130,132,138,126,142,130,129,138,136,131,129,129,136,138,140,139,134,129,140,130,131,147,141,148,144,139,138,140,147,142,159,142,146,159,161,157,144,150,113,121,110,104,111,109,123,126,118,118,118,126,100,109,117,130,130,133,135,132,136,137,127,138,134,134,133,122,140,144
133,133,130,128,131,129,130,135,139,135,130,136,131,133,135,145,135,136,132,132,142,137,135,139,126,131,138,128,145,129,145,148,140,147,138,153,153,155,144,151,155,159,152,148,145,121,116,113,104,113,110,124,118,121,111,118,122,99,104,112,134,132,131,134,129,128,141,124,139,135,136,138,126,144,137
137,119,132,134,133,124,132,128,139,134,130,139,130,127,135,135,132,142,123,134,134,133,131,130,125,130,129,138,137,130,144,145,146,146,144,139,139,158,151,147,159,154,143,146,148,116,114,106,111,117,111,118,118,125,118,113,133,98,109,122,138,128,133,128,130,132,139,125,136,138,142,141,127,148,141
129,129,132,123,130,129,123,127,132,133,126,134,131,133,135,141,129,130,132,142,132,141,136,137,131,130,137,136,139,138,147,147,141,142,145,149,140,157,139,148,157,161,147,146,149,115,117,113,109,111,110,117,119,126,119,122,128,97,112,121,141,126,137,131,133,130,134,125,139,139,138,132,119,133,142
133,133,133,134,127,126,132,135,133,139,129,132,131,126,134,141,135,140,137,134,144,135,131,134,138,132,134,131,143,137,151,150,138,149,146,146,151,152,148,147,157,161,152,147,152,119,122,116,102,113,112,115,114,118,115,120,125,93,103,119,132,133,123,130,132,126,143,125,139,141,131,133,122,142,139
130,131,129,125,123,129,126,127,143,134,133,138,135,128,136,136,133,137,130,134,138,136,139,134,129,126,135,132,134,130,154,144,144,145,154,150,143,155,141,148,163,162,147,145,149,116,122,115,107,114,117,113,125,118,121,119,125,99,108,118,136,133,138,131,130,131,140,122,134,134,140,140,130,145,140
138,129,133,134,131,126,131,125,135,136,129,134,129,130,131,141,132,132,134,138,133,135,134,131,131,133,126,141,137,133,147,145,138,145,156,146,143,161,145,144,164,163,151,141,147,115,116,109,107,112,111,111,119,120,119,112,126,101,106,116,132,128,133,129,131,128,138,130,133,135,136,143,129,142,136
131,133,134,129,128,130,131,133,136,136,129,130,127,132,130,135,131,134,137,129,138,140,131,138,138,134,139,130,146,136,149,150,140,140,152,143,152,156,144,146,162,166,144,145,147,120,116,110,107,108,112,118,114,119,114,116,133,95,103,114,133,131,129,135,127,127,140,125,138,137,133,129,123,142,144
131,126,124,136,131,132,126,124,139,138,129,139,137,129,133,148,135,135,129,139,139,133,133,132,137,125,137,136,132,133,146,145,141,147,150,150,141,156,142,148,164,160,149,147,145,118,117,108,106,115,113,115,118,122,116,120,121,100,110,117,137,135,133,136,133,127,145,120,133,134,138,136,132,141,137
127,128,130,135,127,125,128,127,139,136,126,128,127,129,140,137,126,140,132,137,141,137,128,129,130,130,127,143,129,134,144,146,144,143,155,143,140,156,150,145,162,160,147,144,138,111,115,108,109,108,110,113,120,118,125,112,127,100,104,121,139,125,135,130,131,125,134,128,140,134,138,137,130,136,146
139,132,135,134,128,127,130,130,135,132,130,134,131,129,132,143,129,131,134,131,130,139,137,137,142,131,135,131,146,132,143,149,142,141,147,147,153,155,137,143,161,154,145,148,146,115,111,114,107,107,115,121,118,112,114,117,124,95,113,120,134,127,128,138,128,124,142,126,143,140,131,138,129,136,140
133,132,126,133,135,125,129,129,132,141,132,135,128,128,140,138,132,134,136,135,137,135,136,131,138,133,134,136,135,141,148,151,140,145,150,152,151,159,145,151,163,150,149,144,149,113,114,106,104,110,115,119,122,114,120,126,122,94,103,117,136,134,130,134,133,124,134,125,137,135,135,133,129,141,140
134,127,128,133,126,126,130,125,132,133,133,134,139,135,129,132,131,139,125,130,143,131,135,133,133,125,135,138,133,130,147,141,144,145,151,138,141,159,144,145,156,153,147,142,144,112,120,115,107,113,107,116,119,119,119,115,125,100,110,119,135,128,129,130,131,130,137,124,135,140,131,140,131,140,136
134,136,133,133,127,132,125,122,132,137,134,138,131,132,133,140,123,130,138,134,135,139,135,134,132,129,139,134,138,133,147,145,136,137,153,147,143,159,140,149,152,158,146,141,143,117,115,117,106,114,111,120,120,117,110,119,126,94,117,123,136,131,135,135,130,127,139,129,136,141,135,130,124,139,145
138,125,127,129,125,126,125,136,135,140,134,133,131,135,128,140,131,138,132,130,139,133,133,134,138,121,138,134,133,136,150,146,139,141,148,143,149,151,143,148,155,152,146,143,147,119,111,114,106,116,115,119,115,113,113,116,123,103,106,118,132,128,126,135,128,126,145,124,138,136,133,133,131,137,142
129,132,128,132,127,130,129,120,132,136,129,140,131,135,133,134,131,140,129,135,138,136,138,126,131,124,131,137,143,136,148,145,138,142,156,145,143,158,146,146,154,150,143,144,151,115,114,112,108,112,112,117,120,115,117,121,128,101,107,124,138,135,131,135,130,130,139,124,133,141,143,136,130,143,137
128,131,132,131,131,130,120,126,132,139,133,136,124,125,129,132,127,133,132,134,134,135,135,133,138,129,130,133,134,128,146,143,134,141,144,139,140,155,141,143,160,157,147,142,145,109,119,115,109,112,110,118,122,107,117,116,123,93,110,121,132,123,128,136,131,125,135,128,137,136,138,138,126,140,141
136,130,133,127,130,118,129,126,129,138,127,131,133,132,134,135,124,137,134,127,137,135,137,134,141,131,128,137,137,138,150,146,140,140,146,154,150,152,134,143,160,153,147,140,151,113,118,112,106,113,114,116,116,108,114,119,120,99,105,127,131,139,126,137,128,126,136,127,138,130,130,129,130,135,144
137,129,129,131,127,126,127,127,130,136,129,139,132,133,132,130,130,140,134,137,137,136,138,131,139,125,140,138,132,132,146,149,142,148,144,141,139,156,139,145,159,152,144,142,146,115,110,107,106,111,114,115,123,107,120,118,121,102,110,119,133,130,131,138,131,127,137,125,131,130,138,136,133,144,141
130,124,126,132,128,135,122,125,126,144,131,138,130,129,133,130,124,129,126,134,139,135,132,131,143,125,129,138,134,131,138,142,139,141,148,139,140,162,138,141,155,156,143,143,148,113,112,108,105,111,108,114,119,109,115,116,116,101,115,121,136,130,134,132,127,125,137,125,134,139,139,138,128,133,144
135,133,129,131,129,133,131,125,127,137,128,131,135,130,136,131,129,131,138,136,129,134,135,131,145,129,133,135,135,133,146,145,132,143,143,145,142,159,142,149,157,149,149,141,148,116,116,114,108,108,113,118,115,98,117,117,124,98,105,116,133,135,130,127,128,125,141,130,138,138,134,133,123,137,146
133,126,123,135,123,133,126,128,130,137,135,132,132,129,131,135,128,137,136,131,141,136,132,129,139,127,146,135,134,140,152,140,143,144,150,145,148,153,138,146,153,151,147,143,146,117,117,119,102,113,115,120,112,106,117,120,114,102,104,117,138,136,132,133,126,126,135,128,137,137,129,136,133,139,141
130,126,127,127,134,130,129,123,126,147,126,141,139,134,131,126,124,134,130,141,139,134,136,130,139,122,141,139,133,128,143,142,141,139,146,140,140,154,145,149,156,152,147,140,143,118,113,108,109,104,113,114,120,107,125,113,117,98,110,121,140,132,129,130,136,131,134,130,132,143,141,139,126,143,136
137,132,134,127,126,131,127,128,129,134,129,134,127,131,132,135,126,134,128,135,141,133,133,128,138,128,137,132,136,136,143,148,135,140,143,146,141,158,138,143,163,152,147,139,143,116,116,111,106,111,114,117,121,104,116,110,123,100,105,123,136,129,127,136,130,126,141,126,138,143,131,132,119,136,147
131,126,126,137,132,133,128,130,131,141,127,133,132,136,133,137,131,136,135,131,137,140,132,127,137,131,132,132,141,139,150,151,143,137,152,148,150,157,141,146,161,151,148,137,144,118,120,113,100,114,116,117,112,106,122,117,120,103,104,111,136,132,127,138,132,126,136,125,139,136,127,136,117,137,147
131,125,127,127,130,127,123,126,127,134,128,138,131,131,133,134,127,137,133,139,139,131,134,126,133,122,125,131,135,134,142,142,138,145,145,135,139,154,141,144,162,150,144,141,146,117,116,116,103,116,106,109,115,103,123,123,121,96,112,122,134,132,128,130,126,124,135,124,136,140,138,137,124,144,151
128,128,132,135,131,135,130,125,130,137,133,135,127,129,133,124,125,138,131,133,135,139,132,126,132,132,126,137,134,132,144,150,138,136,148,143,146,155,140,141,152,148,148,141,141,111,113,114,108,113,110,117,122,102,119,117,125,101,104,118,134,130,134,135,129,128,137,128,139,132,128,135,122,136,147
137,129,123,129,137,132,125,129,129,137,127,131,128,128,133,136,121,134,137,132,134,141,137,133,144,133,131,131,134,137,145,145,136,143,136,142,142,152,136,147,154,154,148,143,144,115,123,115,105,111,106,116,116,103,116,119,119,102,111,118,130,132,131,135,133,126,141,126,141,131,131,132,125,139,148
131,127,129,127,127,134,124,122,130,138,137,130,138,132,129,128,129,136,128,130,135,134,140,127,135,126,132,136,138,131,148,145,145,147,144,143,145,157,144,154,153,149,142,147,146,121,115,114,101,112,115,122,123,104,123,121,118,102,105,114,134,132,133,131,129,130,139,127,136,131,129,140,127,139,138
134,123,130,133,135,128,123,128,126,133,128,133,127,127,133,122,123,135,136,137,137,132,135,134,135,138,127,133,135,129,142,139,136,142,141,137,135,160,143,142,161,154,147,141,147,115,110,116,106,111,113,116,116,107,119,113,121,96,113,122,132,126,130,130,124,128,134,125,138,142,136,136,127,138,143
130,130,128,128,129,132,132,126,119,138,134,136,137,132,130,136,129,124,135,128,133,142,131,130,138,131,143,139,134,135,144,146,141,136,141,147,139,157,134,148,163,156,141,140,145,115,121,113,106,110,119,115,110,101,113,119,126,103,115,120,131,132,123,130,126,130,135,129,138,143,125,130,125,136,145
134,129,131,131,130,130,123,126,126,137,129,134,126,128,133,132,129,143,136,136,138,133,140,136,129,126,142,135,139,137,148,141,142,144,136,139,140,152,145,150,160,151,141,143,142,110,117,115,108,116,118,113,118,106,122,118,119,103,106,119,136,132,130,133,131,125,142,120,137,144,130,134,129,142,148
123,123,125,124,125,137,133,123,130,138,130,131,131,128,131,123,123,133,124,133,136,136,134,123,133,130,136,137,137,132,145,144,135,137,143,144,145,157,143,142,166,155,141,143,142,112,116,112,107,114,115,114,114,104,121,108,121,97,107,120,136,131,129,128,127,128,130,130,136,152,136,133,129,138,145
135,132,128,131,129,127,123,127,122,141,124,134,130,126,128,129,127,131,136,135,138,133,135,139,132,132,137,131,133,133,148,147,135,142,137,141,140,155,136,145,161,150,149,140,148,116,128,113,110,109,117,117,121,101,119,122,119,102,109,121,136,129,128,133,127,127,140,125,139,153,129,135,121,135,147
131,119,129,126,135,137,130,128,128,138,132,132,129,131,129,136,130,136,128,136,133,139,135,132,133,125,141,131,143,132,147,146,131,142,142,146,148,151,148,151,157,152,145,142,150,121,122,116,104,107,117,116,114,107,116,124,115,108,103,119,133,133,126,134,129,124,137,121,138,145,128,131,121,136,144
126,124,121,130,130,132,126,121,121,140,130,137,133,127,129,127,129,137,129,135,142,134,138,130,127,130,136,135,129,127,144,141,136,153,138,137,145,156,141,139,152,150,145,137,148,111,118,113,105,116,108,111,119,105,124,119,123,100,110,121,138,132,133,131,133,132,139,125,134,150,127,138,127,141,142
131,122,131,137,133,133,133,124,134,133,129,131,126,128,135,130,122,130,138,132,135,140,130,127,133,133,135,138,136,132,143,144,131,137,143,140,141,154,132,142,160,155,146,140,147,106,119,114,105,114,114,114,121,103,118,121,123,107,110,117,134,130,130,133,131,135,138,127,135,149,130,138,117,142,151
130,132,124,128,136,136,129,128,120,142,126,134,137,128,126,136,131,140,136,133,139,140,136,132,137,136,139,132,136,138,151,140,142,138,139,142,149,154,141,143,157,150,142,139,145,111,120,118,101,119,113,117,115,109,115,121,115,101,104,115,131,131,126,131,132,128,139,128,142,143,126,134,121,142,145
126,124,127,130,132,130,131,124,127,132,131,127,134,129,134,128,126,139,128,140,135,136,134,127,133,125,131,135,136,133,141,140,134,144,147,141,142,145,141,148,152,153,142,142,140,118,119,112,102,115,110,112,120,109,123,123,120,108,115,117,139,134,126,129,132,131,137,126,128,137,129,139,128,143,145
136,127,135,127,130,129,121,125,129,140,125,134,127,131,127,124,121,132,135,133,133,136,134,129,141,133,130,138,134,133,142,136,140,141,145,137,145,151,141,143,157,152,142,134,142,112,117,119,107,111,111,120,115,107,119,121,121,103,109,116,137,129,128,128,131,136,136,126,141,146,130,138,128,139,142
126,129,127,128,128,136,130,127,122,140,131,124,125,123,126,137,125,137,134,131,140,142,129,130,141,132,132,133,133,136,147,147,133,135,138,141,146,151,134,143,162,152,146,137,141,115,118,117,108,113,114,118,110,104,117,118,119,105,114,121,131,132,126,131,126,128,139,124,137,147,126,133,125,135,144
135,124,132,130,125,132,127,125,120,137,130,132,130,124,129,135,126,134,126,136,133,134,131,128,133,131,133,132,141,137,150,139,137,141,144,146,144,146,146,146,160,144,146,142,138,121,118,119,103,117,112,116,117,110,118,117,111,103,114,115,133,135,130,131,133,127,140,123,133,147,129,139,131,136,138
125,127,134,133,129,130,122,123,127,138,126,126,127,124,129,122,120,141,128,138,138,132,132,130,138,129,129,133,131,128,143,138,137,138,141,139,146,156,139,142,161,152,147,133,139,117,121,108,107,116,116,115,110,106,121,117,122,101,111,125,137,131,133,133,127,131,138,126,136,151,130,136,124,139,144
132,131,133,128,131,129,134,126,114,132,137,135,128,124,129,133,125,131,140,133,129,142,134,129,142,134,133,131,139,133,146,150,132,142,133,143,150,147,144,145,158,147,144,139,142,112,121,110,107,114,123,118,123,104,114,125,124,106,106,124,128,127,129,134,127,125,134,129,136,149,126,136,124,134,147
127,123,128,130,128,131,125,129,123,141,130,128,134,122,125,132,121,133,127,132,142,136,128,130,136,130,139,128,137,133,151,140,136,136,141,142,144,148,141,147,152,150,141,144,149,123,118,118,107,116,112,120,113,108,121,124,121,104,109,122,136,134,132,136,126,129,142,124,139,143,125,130,126,134,143
135,129,129,127,137,129,131,122,129,135,129,126,134,113,135,129,133,141,127,136,131,136,132,125,130,131,132,131,129,129,140,141,137,147,144,135,145,148,141,149,157,149,141,143,133,113,116,117,108,116,118,117,122,105,117,113,123,110,114,123,139,128,131,129,132,132,130,126,134,147,132,133,131,144,136
128,133,128,131,126,127,125,118,117,134,130,128,130,117,133,126,124,132,136,138,131,129,131,128,135,136,133,138,138,128,144,141,129,134,134,143,139,152,129,145,158,150,146,136,139,104,124,119,111,111,116,123,116,99,123,116,119,102,114,121,136,133,130,128,127,133,135,132,135,145,127,140,123,139,142
133,132,136,136,128,130,132,124,124,136,126,130,129,123,132,129,132,138,132,134,137,140,128,132,137,130,132,133,135,138,144,138,135,144,134,143,150,147,133,145,152,151,139,142,137,121,120,117,106,115,117,117,117,105,119,121,119,111,113,114,133,130,128,134,129,132,139,125,138,144,129,132,129,139,143
130,129,130,133,125,135,130,123,127,140,128,133,134,113,139,131,132,140,129,138,138,130,132,124,128,127,132,136,136,128,143,138,132,138,145,134,141,148,143,145,159,145,140,134,135,119,120,109,108,119,119,116,121,104,122,118,119,99,107,114,139,131,132,128,134,128,134,124,129,146,130,137,125,141,142
129,131,138,136,130,125,130,130,114,128,128,130,132,123,133,125,121,125,127,138,132,135,132,135,134,138,133,134,132,131,144,138,133,138,139,138,144,148,138,147,155,147,139,134,139,112,119,113,113,115,114,113,118,105,121,116,118,107,113,123,135,131,131,129,125,135,136,127,137,148,131,139,122,140,146
133,125,134,134,127,132,125,128,118,135,135,132,126,119,133,131,127,134,135,130,130,134,125,131,138,135,133,130,141,139,141,148,134,134,130,140,149,151,135,146,154,150,141,145,140,121,121,116,114,113,123,120,113,103,121,120,119,112,104,118,129,131,125,133,130,128,138,125,134,148,124,131,124,139,147
133,128,126,138,127,131,130,121,123,138,131,126,131,112,132,135,125,140,132,136,142,136,133,129,129,128,132,130,137,135,145,135,134,134,140,138,146,147,137,144,150,144,138,139,145,117,118,116,109,120,114,120,119,109,120,125,119,103,112,116,137,130,133,134,130,129,135,119,131,141,134,138,128,144,138
132,127,132,136,132,131,128,127,123,131,127,132,128,113,135,124,127,140,122,135,131,135,129,126,136,134,127,140,132,128,139,139,129,138,147,136,144,153,144,142,156,152,141,140,135,114,118,111,110,117,109,118,111,104,126,114,117,110,115,120,141,134,135,123,129,127,134,121,133,140,131,139,128,136,140
128,130,136,131,133,132,133,123,117,130,128,125,128,123,128,130,122,136,136,139,133,139,125,131,134,131,132,130,133,129,138,141,125,133,131,136,137,146,136,143,151,152,138,140,136,114,116,115,109,116,115,122,120,103,115,120,121,110,108,120,136,126,129,137,127,135,141,131,136,144,125,130,124,136,140
130,129,126,136,131,132,130,125,124,141,132,133,130,116,136,130,133,135,131,127,135,134,131,123,130,132,135,132,136,138,147,136,139,133,140,143,148,146,136,145,151,146,138,141,135,121,125,118,108,123,111,120,118,108,116,125,124,107,110,121,139,138,131,133,129,131,135,123,137,142,125,135,126,133,142
124,122,131,133,134,132,129,124,119,137,130,129,134,115,133,130,128,136,127,140,138,136,135,125,130,130,129,133,138,131,139,137,132,140,139,129,137,140,143,141,153,147,139,136,136,114,121,113,113,120,115,117,116,109,120,117,119,111,113,119,138,125,131,130,130,133,133,126,137,138,128,136,130,142,143
135,126,127,138,129,126,132,127,117,146,128,126,128,114,138,125,123,126,138,132,133,136,125,135,132,132,133,131,138,135,137,141,131,131,135,138,141,147,131,143,157,150,142,136,133,112,121,116,118,118,119,117,122,101,120,121,120,105,117,115,134,130,127,126,128,130,144,130,136,142,128,137,124,134,137
125,137,137,133,120,134,127,125,117,137,132,127,125,121,132,126,132,138,133,128,131,137,127,131,133,130,134,132,139,136,146,140,134,134,127,141,141,146,137,147,153,147,139,136,141,126,123,121,116,121,121,116,118,101,116,120,118,105,108,114,132,131,124,136,132,127,139,124,139,141,123,131,126,137,141
132,127,129,129,128,125,131,127,121,146,125,130,131,117,133,128,128,132,124,135,140,127,129,120,128,126,127,136,139,130,142,135,137,133,136,137,144,144,137,149,156,146,138,143,140,121,123,113,113,117,115,120,120,110,118,119,124,103,119,125,140,133,130,127,131,136,138,123,133,138,129,140,133,139,136
121,133,134,134,128,130,125,125,118,137,131,123,127,120,137,124,120,136,135,136,129,136,130,135,133,132,129,132,142,132,139,134,133,134,129,136,136,147,142,143,155,149,136,139,137,112,114,117,118,119,118,117,118,104,121,121,116,112,114,123,134,131,133,129,127,131,139,128,138,146,129,135,127,134,141
133,126,129,126,124,130,131,129,115,146,125,130,127,122,131,126,125,135,134,137,130,133,126,129,133,131,127,129,133,129,141,145,131,128,133,145,149,144,133,147,158,147,135,147,136,114,115,124,110,118,115,118,119,99,113,120,122,103,113,121,130,130,129,136,130,128,138,124,138,148,122,131,130,139,141
131,137,133,133,127,128,134,121,118,140,131,121,130,114,129,125,126,130,120,135,135,130,131,127,131,127,136,132,130,123,139,134,133,129,131,134,138,141,142,143,155,145,134,144,138,123,117,120,109,125,118,119,118,107,122,126,122,108,117,116,137,132,129,129,126,132,141,121,134,137,129,140,130,144,136
127,129,124,135,127,124,128,125,123,143,121,124,127,117,136,127,127,138,130,140,133,139,135,130,134,130,131,139,138,132,137,138,133,136,137,131,139,147,136,140,155,150,139,142,134,118,124,116,108,119,115,116,116,102,122,120,119,101,111,118,137,126,132,133,133,135,138,123,136,141,129,138,124,139,137
125,133,127,128,124,133,130,122,119,133,132,123,128,123,130,125,130,126,135,132,133,135,129,134,138,133,134,136,138,132,141,142,130,128,129,139,138,145,139,145,154,143,137,140,136,116,121,116,109,120,119,122,121,104,118,121,121,108,115,127,134,130,131,131,126,136,135,126,135,142,123,131,123,139,141
131,131,126,132,122,136,128,132,118,148,128,129,132,120,134,123,131,135,130,133,135,139,125,126,133,127,131,135,133,132,140,140,130,136,135,131,144,143,137,141,146,148,143,139,135,130,125,116,105,120,114,121,116,109,122,125,110,106,110,115,135,132,132,133,129,138,144,127,134,137,129,132,131,141,141
123,132,132,133,124,125,127,125,119,141,132,132,127,127,131,125,131,139,133,135,138,134,136,126,132,131,123,134,133,128,137,139,134,128,134,133,139,147,135,142,158,150,140,137,133,122,125,118,111,123,117,113,119,104,121,115,119,104,117,117,136,129,134,129,130,134,133,128,133,132,130,140,126,147,133
132,136,130,133,126,132,128,127,118,140,133,133,131,120,128,124,120,129,131,137,130,139,133,126,135,134,131,131,140,131,141,137,129,132,132,143,138,149,136,143,153,142,139,141,139,116,124,118,115,119,118,116,123,103,121,121,122,107,111,118,134,128,130,125,126,134,138,128,140,137,123,133,122,134,138
125,132,129,131,127,129,128,123,119,138,127,137,130,130,129,127,129,133,135,127,133,135,124,131,132,123,126,128,139,128,144,143,128,132,128,133,145,142,135,141,155,145,138,142,138,112,126,120,109,122,122,117,114,103,119,128,116,110,107,118,130,133,128,133,126,128,136,126,142,136,132,134,125,139,137
128,131,131,134,125,132,126,128,118,140,134,134,127,117,137,124,122,140,128,137,138,129,128,124,134,124,134,137,133,128,139,141,133,135,134,140,139,147,139,143,153,147,136,141,137,119,124,118,113,127,121,117,121,108,124,124,123,105,114,121,137,132,130,128,130,130,137,125,130,133,128,133,126,138,136
130,129,128,132,128,129,134,125,121,140,129,128,132,127,127,131,129,134,134,133,128,134,134,132,133,129,129,135,133,130,139,131,126,127,130,129,140,148,132,138,154,154,137,137,136,115,126,114,117,124,120,123,123,102,116,120,120,107,116,120,132,129,132,129,125,128,137,129,136,132,128,141,125,136,139
136,132,127,128,129,129,129,125,117,135,130,133,124,130,127,124,124,127,130,130,139,138,127,130,134,132,136,129,135,126,136,141,129,123,124,138,136,143,137,137,153,156,140,138,138,115,125,121,116,126,122,119,119,105,121,122,119,109,113,117,134,132,131,132,127,128,137,128,138,140,122,129,123,137,140
133,135,130,133,124,124,132,132,120,145,135,129,129,128,132,122,136,144,126,132,135,128,131,120,130,129,129,134,133,130,139,135,137,133,120,129,143,144,136,137,152,149,138,143,140,126,125,115,113,126,120,115,119,104,121,125,118,113,115,122,136,130,132,130,130,130,137,122,131,125,134,138,126,144,138
132,125,125,137,125,126,123,133,118,136,129,136,131,124,133,128,123,133,128,137,132,137,129,130,133,131,130,132,137,126,137,134,129,130,123,127,138,149,136,144,153,155,139,140,152,130,124,115,114,124,123,121,121,106,116,118,119,110,115,126,140,124,137,127,131,129,135,130,132,137,129,140,126,143,134
133,130,130,130,124,125,130,141,112,140,129,132,127,126,129,129,125,133,133,127,132,135,126,123,136,131,132,125,136,132,138,137,132,125,113,137,138,144,131,140,156,152,141,141,151,127,121,126,116,120,121,119,114,110,118,125,125,116,114,119,131,132,130,131,127,130,137,124,138,137,123,136,127,134,143
130,135,128,134,122,129,130,135,120,136,140,134,131,130,131,123,127,145,132,130,140,131,131,129,123,129,132,129,135,125,134,137,132,126,117,132,135,145,131,141,155,149,140,138,152,129,124,127,116,126,121,121,117,110,129,121,119,112,117,122,134,130,132,124,130,126,140,127,134,130,130,139,126,139,146
126,127,133,127,130,126,129,129,125,139,131,131,132,121,129,124,125,135,130,137,130,132,128,127,130,127,127,137,139,131,135,136,132,134,123,133,140,147,126,140,149,147,133,134,153,128,123,116,115,123,122,116,124,105,121,120,124,115,114,125,139,128,138,130,133,131,130,129,129,136,125,138,129,139,142
129,134,131,130,122,126,129,132,121,130,136,135,132,133,127,128,127,132,132,137,130,138,130,132,133,127,138,131,137,126,134,139,133,124,117,136,136,146,132,137,157,151,141,137,152,131,121,120,117,116,123,118,121,105,125,124,125,107,122,114,130,134,130,126,127,129,136,129,139,134,125,138,117,134,148
130,131,130,125,125,133,128,139,132,123,134,129,138,127,129,130,124,140,132,133,132,129,123,129,134,128,138,135,133,130,142,133,125,129,119,130,145,145,130,144,152,148,130,135,156,128,121,119,115,128,124,118,118,108,120,126,121,111,114,115,136,132,132,136,131,127,135,121,132,128,121,134,129,136,148
127,128,125,132,123,119,130,134,125,122,132,134,133,121,131,120,120,138,129,141,137,133,133,121,130,127,126,132,127,127,135,134,135,124,121,131,133,143,135,142,154,149,131,142,152,134,123,120,118,122,124,121,122,107,121,123,126,103,117,118,133,133,136,129,130,126,136,126,137,134,131,136,127,139,142
130,131,131,132,119,125,125,135,129,112,136,132,125,128,129,125,126,136,129,137,129,132,131,130,133,129,130,131,139,124,129,139,126,123,112,119,140,146,130,144,150,152,144,134,153,127,123,121,122,122,123,120,123,106,119,120,123,107,108,115,133,132,132,133,127,132,141,127,138,134,124,140,127,135,145
127,131,120,132,109,120,129,140,127,117,131,128,130,126,132,129,134,142,136,133,135,138,123,130,135,131,134,131,134,130,131,139,127,126,121,125,134,140,133,143,152,154,138,137,157,129,129,125,117,124,124,123,120,110,116,126,128,106,115,120,136,135,130,130,126,125,146,129,142,136,126,124,128,139,146
131,134,129,130,106,124,128,131,128,114,131,133,133,126,125,131,126,134,130,134,136,125,131,128,128,125,126,133,130,126,136,129,129,125,121,123,134,143,133,150,145,150,132,139,154,128,125,124,118,124,124,122,117,108,120,134,124,100,113,119,137,129,134,128,131,129,146,123,139,125,126,138,123,145,139
124,126,120,131,106,126,120,138,127,113,127,124,126,128,131,121,128,132,128,133,129,133,132,127,132,132,131,133,135,128,130,135,124,127,111,117,132,147,129,146,148,145,145,136,163,126,126,121,116,121,123,116,132,107,125,125,121,98,118,123,135,132,132,132,128,129,141,131,138,134,130,138,124,144,142
127,119,128,131,104,123,132,134,129,115,132,130,134,122,126,129,125,135,140,127,134,137,124,134,132,131,130,126,137,132,137,137,130,118,114,122,139,143,126,144,150,154,140,136,180,132,128,123,122,125,124,120,120,104,120,129,124,102,110,123,133,134,128,133,124,130,142,127,145,133,117,131,125,140,144
136,124,124,125,103,125,126,139,124,115,135,134,130,130,129,131,131,143,126,137,138,128,125,129,130,128,131,128,138,125,139,135,131,127,113,125,136,142,131,148,150,143,133,138,184,134,126,123,115,123,125,122,121,110,127,128,119,102,111,118,138,133,129,130,130,124,146,120,135,137,123,137,129,141,146
128,120,129,131,105,121,130,134,127,113,128,132,132,122,129,126,120,139,126,132,127,130,123,126,140,125,126,136,134,124,129,129,130,130,116,117,133,145,130,149,148,148,133,131,189,130,122,116,123,121,122,118,125,105,120,130,121,98,116,124,134,132,134,128,130,131,136,120,135,134,127,138,127,140,137
131,129,129,121,105,124,126,130,127,113,134,138,128,130,121,124,118,139,135,132,134,136,132,134,130,130,129,129,134,132,134,131,129,117,113,124,134,142,132,146,153,148,143,133,196,126,121,124,118,121,127,119,116,105,124,133,125,108,111,121,130,131,128,132,125,129,139,128,139,136,122,129,124,136,142
135,128,131,129,104,120,131,131,131,111,130,129,134,126,131,125,129,141,123,139,134,129,123,127,132,130,134,129,137,126,135,137,132,123,115,120,140,138,134,149,145,147,140,139,197,127,125,123,116,123,122,123,118,112,121,128,121,101,98,117,134,133,128,125,130,129,144,120,139,134,123,131,128,142,145
127,128,129,124,130,127,132,146,134,119,124,133,135,132,128,138,135,126,137,129,125,126,132,132,136,141,137,149,129,132,152,149,153,145,140,144,154,135,143,121,125,156,130,157,132,131,136,110,114,131,0,125,0,137,121,172,0,128,110,136,144,134,121,128,130,132,132,120,116,131,131,133,127,133,129
4,4,4,4,4,4,4,4,4,4,4,4,4,4,4,1,1,1,1,1,1,1,1,1,1,1,1,1,1,1,3,3,3,3,3,3,3,3,3,3,3,3,3,3,3,2,2,2,2,2,2,2,2,2,2,2,2,2,2,2,0,0,0,0,0,0,0,0,0,0,0,0,0,0,0
