142,132,129,130,141,133,131,140,127,134,132.1,122,128,137,127.1,133.1,147,122.1,127.2,127.3,132.2,126,134.1,129.1,127.4,123,138,137.1,129.2,131.1,136,130.1,129.3,134.2,134.3,145,133.2,129.4,141.1,135,139,135.1,134.4,131.2,134.5,140.1,126.1,127.5,136.1,139.1,140.2,131.3,139.2,135.2,122.2,126.2,129.5,141.2,117,137.2,129.6,127.6,128.1,145.1,152,148,152.1,151,147.1,151.1,161,143,152.2,146,147.2
136,130,120,138,136,126,131,135,133,142,134,125,138,131,138,137,143,128,130,125,137,124,141,129,133,132,131,133,133,131,141,132,136,140,140,141,140,135,144,130,131,127,129,129,134,143,129,129,131,143,138,137,145,133,133,127,131,130,127,136,131,127,127,142,153,148,152,145,149,146,163,136,158,145,141
137,123,128,134,142,126,120,135,129,140,128,131,138,128,137,134,152,128,129,130,136,127,138,135,137,135,132,139,127,129,137,124,130,140,147,137,137,138,147,134,135,134,130,131,128,136,126,119,136,138,134,136,149,134,130,122,138,134,127,140,127,129,130,140,149,144,150,146,143,146,164,136,148,144,140
142,130,129,129,142,134,130,143,123,133,127,126,130,134,132,132,147,124,122,132,130,124,131,132,130,124,140,133,127,136,133,133,126,133,139,144,130,133,139,136,134,136,134,128,133,136,127,128,131,144,139,131,145,135,123,126,131,136,124,135,131,126,132,147,149,146,149,151,146,152,158,141,152,147,140
141,132,121,135,132,130,131,138,133,141,136,122,132,136,133,137,146,129,130,128,135,123,139,127,129,132,133,132,130,132,140,134,133,142,137,144,140,131,145,129,137,128,130,130,134,146,132,130,130,141,141,138,141,132,132,130,131,132,121,130,131,126,129,144,149,147,152,151,151,147,161,137,156,143,145
134,124,127,140,139,126,122,134,132,142,134,132,139,127,141,136,150,127,126,128,136,128,143,126,134,133,136,138,130,134,140,127,129,142,146,137,138,139,145,126,129,130,130,133,131,133,126,124,133,145,138,134,147,133,129,127,137,133,130,137,130,128,125,141,155,144,150,148,147,148,162,141,153,143,137
144,131,131,128,144,132,128,141,124,133,127,130,133,134,132,135,144,127,120,131,138,126,134,131,134,131,138,134,126,135,133,130,125,136,143,142,132,133,140,137,139,135,131,127,131,140,123,125,133,141,136,131,146,135,128,124,129,135,125,140,131,130,133,142,147,144,148,151,145,150,160,141,151,146,145
143,132,124,135,136,132,132,140,131,140,133,122,134,135,133,136,145,127,128,130,130,121,137,134,124,126,131,133,130,132,140,133,130,137,137,144,137,131,141,130,136,132,129,131,137,143,131,129,130,135,139,135,137,130,124,130,129,139,122,132,129,126,127,144,150,147,153,152,150,148,161,140,154,142,141
134,125,124,137,137,125,123,135,133,143,132,129,139,127,137,136,146,124,128,128,141,128,141,127,135,131,129,135,132,125,141,131,136,144,144,139,142,137,146,129,135,131,126,133,134,142,132,126,131,140,137,136,146,134,128,125,136,133,128,138,129,127,125,137,152,144,151,147,148,145,166,136,154,142,142
139,127,131,133,143,131,126,140,127,136,123,133,135,131,140,130,148,128,127,131,135,126,131,131,133,133,136,135,126,133,134,128,126,137,145,138,133,136,143,133,136,135,134,130,131,137,122,121,132,144,136,129,142,138,131,124,134,135,127,141,131,130,129,146,148,143,148,152,145,149,162,141,153,147,140
141,132,128,131,139,135,131,139,129,137,132,122,130,137,129,134,145,120,125,130,138,125,135,135,124,126,137,134,129,132,136,132,131,135,136,144,134,131,138,136,136,138,135,128,135,141,133,134,130,140,137,134,141,133,123,131,131,132,120,131,130,128,128,145,146,145,150,154,148,150,161,141,152,146,146
134,131,124,139,137,127,129,133,134,141,135,125,139,130,138,136,146,132,129,127,135,125,142,126,130,133,124,133,129,130,142,129,135,142,141,139,141,134,145,131,134,128,129,135,138,144,131,125,128,145,138,135,141,134,130,132,131,132,125,134,131,129,127,144,154,146,154,148,150,147,165,138,156,144,138
135,124,130,136,140,128,124,135,129,137,125,133,137,131,140,135,153,133,126,128,138,129,140,130,133,135,136,139,131,137,135,128,127,137,146,134,137,138,145,127,131,136,128,133,131,139,121,121,133,144,132,132,144,133,132,122,136,135,126,139,128,130,132,144,151,141,146,147,145,148,165,141,151,149,139
140,132,132,129,142,136,131,139,124,135,131,125,130,134,128,132,144,123,126,131,133,123,133,136,128,127,140,137,130,135,137,131,124,131,139,141,133,133,139,136,141,139,132,126,134,141,126,127,132,139,140,135,140,134,121,130,131,137,125,136,133,128,132,148,149,144,152,151,147,151,161,143,152,145,142
139,132,122,137,133,127,132,137,132,141,134,124,138,136,135,137,140,129,127,127,136,127,141,129,128,132,131,133,134,131,141,134,134,142,138,142,139,131,145,134,134,128,132,134,138,146,131,131,129,140,139,137,143,131,130,129,128,133,124,133,135,126,127,147,150,147,152,146,148,147,167,138,154,142,142
133,123,129,137,140,126,123,129,134,139,130,131,141,128,137,136,147,126,123,129,139,127,142,126,134,134,129,141,132,128,140,126,131,139,143,136,141,138,144,128,136,132,128,133,130,134,129,119,133,146,131,136,144,134,134,125,136,132,130,141,130,127,127,144,150,143,149,146,144,146,172,138,151,145,141
141,130,133,130,143,132,130,135,125,134,126,129,130,137,133,135,143,128,120,131,132,129,134,135,130,131,139,134,127,135,134,133,125,134,141,140,133,137,142,136,136,137,130,127,133,144,122,129,134,140,138,130,142,135,124,128,129,133,127,139,135,132,131,145,145,143,148,147,147,148,166,142,148,146,141
142,135,125,134,134,134,134,137,132,139,135,120,137,137,129,135,141,124,126,133,133,123,142,132,128,131,134,134,132,137,140,135,131,138,135,144,140,132,144,135,136,131,130,131,138,143,132,130,132,136,143,134,139,132,132,133,129,135,121,135,134,129,128,147,152,144,151,147,147,149,168,139,154,144,145
132,125,127,140,140,126,123,132,135,143,134,131,138,128,139,139,142,127,127,127,137,127,144,128,133,133,131,138,130,132,141,129,134,143,145,135,140,139,148,129,129,133,133,135,134,141,130,123,130,142,138,138,146,135,133,126,133,131,130,142,131,131,126,141,154,145,146,146,143,141,172,136,153,144,138
139,128,131,131,145,133,127,136,127,133,125,132,134,135,138,133,148,129,123,131,135,128,139,130,134,135,137,134,129,138,135,129,128,136,143,140,135,139,140,135,135,136,131,127,133,137,124,123,132,144,135,130,140,138,129,128,134,138,129,144,133,130,130,147,147,140,148,149,140,144,168,142,153,149,143
141,133,131,133,139,135,132,139,130,136,132,121,131,139,131,134,142,122,127,131,131,126,134,136,124,126,137,134,127,128,137,132,129,135,137,142,137,130,142,139,141,136,135,131,136,139,134,130,130,137,142,141,140,133,126,132,126,136,120,134,133,127,128,148,150,142,149,150,143,149,168,142,153,143,140
132,130,123,137,135,127,127,135,135,142,136,129,140,132,137,139,140,130,128,127,140,125,141,126,132,135,128,138,132,133,142,134,132,141,142,139,141,136,149,131,131,130,134,136,138,145,130,128,132,143,138,138,139,132,128,131,135,128,126,138,130,131,126,144,150,143,151,145,143,144,169,140,152,145,141
135,129,133,135,142,129,125,134,130,136,124,132,136,133,140,135,147,130,123,133,134,127,136,130,136,137,133,135,130,137,136,127,129,139,146,134,139,140,149,131,134,136,135,133,132,133,124,126,129,143,135,131,145,133,130,126,130,136,136,141,131,127,128,145,145,138,146,146,140,149,168,141,151,143,140
139,133,132,128,142,136,132,137,127,133,131,126,128,138,127,134,144,121,126,130,133,127,131,133,124,124,136,137,133,133,138,134,131,131,137,145,133,133,139,138,138,139,136,129,136,146,127,127,136,137,141,136,142,132,125,131,131,136,127,136,132,129,129,147,148,141,149,147,143,152,166,142,154,146,140
137,134,122,134,135,131,132,133,133,143,135,124,138,137,139,140,139,125,128,130,136,123,138,131,132,134,130,133,128,132,142,134,134,143,139,141,140,137,147,133,131,132,130,137,139,141,136,125,126,144,141,138,144,131,129,130,131,130,127,137,134,130,129,145,149,149,151,145,144,145,170,139,154,141,144
132,126,130,138,142,129,123,131,132,140,128,133,140,130,138,138,143,128,124,127,138,130,138,132,136,136,130,139,128,138,139,128,135,140,148,132,139,139,146,130,132,131,133,136,132,140,127,124,131,145,134,130,143,136,135,127,134,133,134,140,130,128,126,148,146,145,143,144,140,144,173,143,149,146,138
141,134,131,129,141,134,129,134,126,132,128,129,130,138,134,133,145,126,123,132,133,126,129,135,132,130,135,138,128,135,136,133,124,130,145,143,132,134,138,139,134,137,134,130,134,141,127,126,135,140,138,133,149,136,128,128,133,137,130,142,134,130,131,150,149,142,150,148,143,146,169,142,150,147,142
142,136,123,133,135,134,130,137,133,141,135,123,138,139,131,138,138,125,124,131,135,127,133,131,128,129,132,134,135,132,138,136,132,139,139,144,140,137,145,135,139,131,133,134,138,146,131,126,129,139,145,137,137,131,130,129,129,132,130,134,135,131,128,149,151,147,150,148,143,145,170,139,153,140,145
130,128,128,138,139,127,124,125,134,143,131,130,139,131,139,139,139,130,128,127,137,128,137,127,132,131,130,140,134,137,142,130,135,141,142,137,139,139,148,128,131,133,134,138,134,141,129,125,129,145,135,138,146,133,136,128,132,132,131,143,131,127,128,146,152,142,148,143,143,145,172,143,150,146,142
139,129,134,133,145,134,126,134,127,133,124,133,134,139,139,136,142,125,122,134,136,126,128,135,133,129,137,139,129,138,135,129,128,136,145,141,132,142,140,135,138,134,137,130,133,135,126,121,134,143,138,129,144,132,128,128,131,134,130,141,136,133,130,148,146,139,149,145,141,147,167,140,150,144,141
140,133,130,132,136,137,132,135,131,137,132,120,132,140,129,136,140,123,125,131,132,125,133,135,127,126,133,132,132,135,141,136,131,137,132,140,137,132,143,139,136,137,139,132,139,146,131,131,131,139,141,138,140,134,129,131,128,134,126,133,133,132,128,146,150,141,151,147,143,148,164,141,153,145,146
129,129,127,138,136,127,126,129,136,144,135,132,140,131,140,144,139,128,124,129,138,126,133,127,135,136,126,134,133,130,147,133,134,141,142,141,143,139,147,128,135,131,129,136,136,141,134,126,126,142,137,139,147,136,132,129,131,128,129,142,132,130,126,143,152,146,150,144,143,139,170,137,151,142,138
136,129,134,134,144,132,123,129,130,136,125,132,137,136,139,136,143,127,124,132,138,128,127,133,137,133,135,142,129,135,136,129,130,136,144,139,136,138,145,134,134,136,135,135,132,137,125,119,134,142,136,135,150,135,129,127,136,132,133,142,134,132,133,149,145,139,146,146,139,144,168,141,148,147,140
139,134,132,130,142,135,131,137,130,135,132,126,132,138,129,137,146,124,122,137,132,123,127,133,128,124,135,135,132,136,139,133,130,133,138,145,136,134,139,137,139,137,136,129,138,141,132,130,132,134,135,137,144,132,127,134,131,136,125,138,135,130,128,149,150,145,149,148,146,151,169,141,153,143,141
136,133,124,137,134,130,130,129,135,140,136,128,139,137,137,146,137,129,122,128,138,126,135,132,133,133,126,133,134,132,143,136,135,142,142,139,143,136,146,134,135,133,131,137,139,149,132,130,127,143,143,137,146,136,132,129,131,128,127,137,134,130,129,141,152,141,151,145,148,144,170,140,153,140,139
134,128,133,138,142,127,122,127,134,139,127,133,139,131,138,136,141,128,123,131,137,129,130,127,135,133,132,138,133,134,138,129,133,143,144,134,139,138,146,132,134,131,131,137,131,139,133,120,131,144,135,136,148,134,138,125,134,128,133,142,137,131,131,142,149,138,145,146,144,146,171,142,148,148,141
142,133,133,129,143,135,131,134,125,132,129,128,130,139,133,133,140,128,119,132,135,127,127,135,129,122,137,137,129,139,137,133,128,131,140,141,134,138,141,138,139,138,136,131,137,137,127,128,135,140,140,131,147,133,127,130,127,137,128,142,134,129,132,142,145,139,147,151,149,149,165,145,152,146,140
140,136,125,136,137,133,134,134,134,139,133,126,137,138,134,137,136,123,127,132,138,126,131,132,128,128,129,140,134,134,143,137,134,138,137,142,140,130,143,136,137,134,136,136,140,147,136,126,130,140,143,137,141,131,129,135,127,131,128,133,133,131,130,143,153,142,149,147,152,144,168,141,150,139,144
133,127,130,138,141,127,121,127,135,138,131,133,141,128,136,141,140,129,124,129,136,128,133,126,131,135,129,141,133,135,140,132,136,141,144,138,141,137,146,131,127,129,133,138,133,137,131,121,126,141,139,141,149,138,135,126,135,127,133,143,133,131,130,137,152,141,145,144,148,145,171,144,154,143,137
135,131,135,133,142,133,128,130,129,134,126,134,131,137,135,131,139,126,120,131,137,127,123,136,131,128,133,136,128,139,136,132,127,134,144,144,135,140,139,138,136,138,139,131,136,139,128,125,131,140,140,135,149,134,130,130,129,133,132,139,135,130,133,138,146,142,145,146,150,147,164,145,151,148,145
142,136,132,134,139,136,131,133,130,140,134,124,135,138,132,140,138,127,124,130,135,122,127,129,127,127,131,138,134,136,140,138,135,138,139,147,142,133,142,140,138,140,132,131,139,143,131,126,130,134,141,143,144,133,130,132,129,135,128,136,133,132,130,135,149,143,148,145,151,148,167,143,151,140,141
134,130,129,139,138,126,126,125,136,141,136,133,141,132,136,139,140,130,126,127,138,127,133,130,135,133,127,138,137,131,143,135,137,141,145,136,142,138,146,129,133,129,129,135,136,146,133,129,125,147,139,142,143,133,133,126,130,125,131,140,134,132,129,137,151,142,147,144,148,143,171,140,153,145,141
137,129,135,134,142,130,123,131,129,136,124,135,135,134,140,137,143,125,123,136,139,126,132,132,134,131,134,137,129,137,137,130,130,137,144,142,137,140,146,136,135,137,135,132,133,134,123,124,135,144,138,132,148,133,133,130,133,135,133,143,136,129,130,136,145,140,145,145,147,145,166,144,150,144,139
140,136,133,131,141,135,130,136,129,134,133,126,134,142,128,138,142,124,120,133,134,123,127,129,126,125,134,134,130,134,141,137,131,135,137,143,139,132,141,141,141,134,138,127,139,147,134,130,131,137,140,138,140,132,129,132,131,135,128,140,136,133,130,135,149,141,147,149,152,147,165,144,154,141,146
136,133,128,140,135,130,129,130,135,142,133,129,138,133,138,140,135,130,125,129,141,128,132,130,130,131,126,139,133,135,142,137,136,141,143,139,142,134,148,133,132,130,134,136,139,141,132,130,126,139,140,140,145,134,133,129,130,127,131,139,131,135,129,138,150,143,150,143,153,143,166,143,155,141,138
132,128,134,135,142,129,120,127,133,135,127,134,139,128,138,137,142,124,122,131,136,127,135,137,136,137,130,139,129,135,138,130,136,136,142,137,137,138,147,133,134,136,137,137,131,139,131,124,134,141,137,138,145,135,135,127,136,128,136,143,137,130,129,138,144,138,145,147,147,148,165,143,152,142,141
139,134,137,129,144,134,129,135,127,134,129,127,131,139,132,136,139,125,125,132,136,130,128,136,129,124,134,139,132,139,139,135,128,135,138,146,136,135,140,139,140,139,137,128,140,139,128,123,129,138,140,134,145,136,127,131,131,132,128,136,135,134,131,136,144,139,147,146,152,147,161,145,156,144,144
139,138,126,137,134,134,132,132,135,140,133,125,139,136,134,138,135,126,128,132,138,126,132,132,128,129,127,135,137,134,144,139,135,140,141,143,140,131,146,138,136,134,133,134,140,148,136,130,129,141,141,142,142,134,132,133,123,132,129,137,133,130,132,141,146,139,149,144,153,143,165,141,155,140,143
130,127,134,140,141,127,120,128,136,141,128,133,142,128,141,137,146,128,125,130,138,129,132,131,133,133,129,142,135,134,141,130,137,143,145,137,141,139,149,131,129,131,129,137,134,138,131,122,135,142,139,133,149,135,135,128,138,126,134,141,138,129,131,135,147,141,145,143,149,146,169,142,150,144,137
137,133,134,133,144,133,128,132,127,129,127,134,134,137,135,133,143,128,124,133,135,125,130,133,133,128,132,139,132,142,136,132,128,131,139,145,137,137,140,138,138,138,137,129,137,141,129,128,131,135,140,137,146,136,129,128,136,132,132,142,136,132,131,135,147,139,146,145,152,149,162,145,153,146,144
140,137,130,136,139,137,130,133,133,137,133,125,136,136,131,138,134,126,123,131,133,123,131,131,129,123,131,138,134,133,143,135,136,139,138,144,141,134,143,140,135,134,138,133,141,143,137,133,129,138,142,133,143,131,131,134,132,132,130,138,134,129,130,139,148,145,149,146,152,146,166,143,157,139,141
133,130,131,141,138,128,124,125,135,141,135,134,140,129,139,140,136,132,128,128,142,133,135,130,136,133,123,137,132,133,143,133,139,139,142,137,143,140,148,131,133,133,131,137,136,143,131,126,132,141,140,142,145,137,137,128,134,121,134,142,139,131,127,137,147,141,145,142,149,141,165,143,155,143,142
138,132,136,135,143,133,125,131,130,131,124,135,134,133,138,140,141,125,123,134,135,127,129,134,138,132,133,140,129,138,135,128,128,137,145,140,137,139,145,140,132,135,136,133,135,134,132,123,132,144,136,132,147,136,133,124,136,134,134,146,136,134,133,139,140,138,145,145,149,147,163,144,152,148,140
140,138,133,132,141,135,134,133,132,138,133,127,133,138,128,138,133,124,122,132,133,125,129,133,125,122,131,137,133,138,141,136,134,134,138,148,138,134,140,140,137,136,136,134,139,146,133,131,132,137,140,140,141,135,129,133,131,135,131,142,135,130,132,136,150,142,145,146,151,146,161,144,158,141,147
135,135,128,138,135,131,129,124,135,143,134,131,140,133,138,145,135,129,127,127,137,126,131,128,132,130,120,134,135,134,143,137,137,141,143,140,146,141,146,133,136,133,134,139,137,142,137,128,126,139,140,137,149,134,133,130,132,126,133,135,138,133,131,134,149,142,148,143,151,142,167,142,155,142,140
133,128,136,138,142,130,123,126,134,137,128,135,140,130,141,141,145,124,127,133,137,131,134,131,136,135,131,146,136,137,137,130,131,138,145,137,139,140,148,135,135,132,135,134,131,136,130,120,132,140,135,132,147,136,130,128,135,131,133,146,135,135,134,139,145,137,143,144,148,145,162,144,149,143,141
140,135,136,130,143,136,130,133,127,133,128,129,131,139,129,137,136,126,120,130,137,125,132,140,129,123,138,139,132,138,140,137,131,135,140,142,135,138,141,140,136,137,140,130,141,138,131,131,130,137,137,138,144,133,133,132,135,132,131,142,135,132,134,138,144,139,145,149,152,146,160,145,156,144,146
138,138,128,137,135,133,132,130,134,141,136,127,140,136,135,144,135,125,125,130,133,128,133,129,127,125,125,133,137,134,144,139,135,139,143,142,141,136,147,138,140,136,130,136,140,146,139,129,128,140,140,141,142,132,134,130,132,125,130,139,135,135,131,140,148,145,151,141,154,141,162,143,157,139,140
132,127,136,141,142,128,121,126,135,139,128,134,142,130,134,143,141,129,124,128,139,129,139,135,136,133,128,139,135,133,139,131,134,137,144,138,140,137,147,133,128,131,132,136,133,138,131,121,130,142,133,135,147,137,134,124,140,128,133,145,138,136,133,137,146,141,144,141,150,142,162,145,150,145,140
139,134,137,130,140,134,131,132,127,133,127,133,129,137,132,135,134,125,122,136,135,130,131,135,130,127,134,141,130,138,138,135,130,135,139,140,138,135,143,138,140,139,142,130,138,140,132,128,130,135,138,137,145,134,136,135,135,134,135,145,139,133,132,135,143,143,148,144,150,146,159,147,155,144,143
142,138,128,135,137,134,128,133,132,142,133,127,136,138,133,140,134,125,124,133,140,123,138,134,131,126,132,138,138,134,143,138,136,140,135,142,142,132,144,139,137,135,134,137,142,143,136,134,126,140,140,141,141,133,134,133,131,127,128,144,135,136,132,141,149,145,146,143,155,142,163,145,156,140,145
132,129,131,139,138,127,122,125,133,147,129,133,142,130,137,138,137,129,125,129,137,128,136,131,134,131,126,142,131,137,143,135,136,142,143,135,143,140,148,133,134,133,131,139,133,140,135,127,128,143,138,137,146,136,136,127,137,121,134,150,137,136,132,136,150,137,147,142,149,143,163,141,151,142,137
137,133,136,133,141,134,124,130,126,151,122,135,135,135,137,137,134,125,120,137,138,130,133,136,136,128,135,142,131,141,136,132,131,134,146,143,138,141,143,140,133,137,139,133,138,139,127,126,134,140,137,138,147,138,135,130,140,133,138,153,136,134,133,139,143,140,144,145,150,145,159,147,151,145,145
142,138,132,132,139,138,130,131,128,171,133,126,138,138,129,138,133,126,125,134,134,128,134,133,127,122,133,136,132,136,141,139,132,137,138,140,139,135,141,139,137,140,143,136,140,141,137,129,129,135,140,134,140,136,130,134,131,133,127,145,134,136,132,138,147,142,146,146,153,143,160,147,157,143,143
134,135,131,141,134,128,128,124,130,184,134,131,142,133,138,140,134,130,129,128,140,128,136,130,135,132,123,133,134,135,145,137,137,141,144,140,142,138,145,136,137,130,131,139,138,146,137,133,128,141,141,138,145,136,139,129,134,124,129,146,138,134,133,139,147,141,147,139,153,140,160,141,157,142,143
136,131,137,137,139,131,129,126,127,183,124,135,138,135,138,143,140,128,125,132,139,131,129,138,138,134,130,142,136,142,141,130,133,138,144,139,139,143,145,136,133,135,140,136,134,135,127,127,136,141,136,132,144,139,134,129,138,130,136,154,137,133,133,137,141,138,142,144,150,146,159,145,147,149,142
140,139,137,132,142,136,142,129,122,180,130,128,133,149,133,135,137,124,124,134,136,125,132,133,126,121,134,138,135,136,139,137,132,131,139,146,134,138,140,137,137,138,140,131,141,145,134,130,130,134,141,136,143,134,129,134,134,134,129,148,135,136,132,138,148,141,146,142,149,148,159,149,155,141,149
139,137,128,138,132,132,157,128,127,180,136,129,141,154,132,146,135,130,129,130,142,127,143,131,131,126,123,136,133,136,147,138,138,141,139,140,143,134,146,140,137,137,133,138,142,144,137,131,129,141,142,142,139,134,134,133,131,124,133,143,142,130,129,137,147,143,148,134,153,145,161,140,155,144,143
134,130,136,140,139,127,161,122,130,172,128,134,141,161,138,142,140,126,124,133,138,128,134,131,133,133,128,142,133,141,139,132,139,144,145,139,143,144,148,131,132,133,136,138,134,140,135,123,130,142,137,131,149,138,139,128,134,129,136,146,137,135,132,138,146,140,141,140,149,143,159,144,149,143,143
139,139,138,129,141,133,173,130,128,159,127,133,133,171,135,136,135,127,126,132,137,128,128,134,136,127,135,138,129,138,137,135,133,137,142,143,141,135,143,142,136,138,141,131,142,142,130,129,130,136,141,134,142,135,136,131,139,131,129,147,134,139,134,142,142,140,148,146,151,145,157,145,152,148,142
140,139,130,136,134,136,173,129,143,160,133,126,139,170,134,139,138,128,129,136,136,126,138,134,128,126,123,135,135,139,146,138,138,140,138,144,142,135,141,141,141,141,134,136,138,143,142,135,130,136,146,140,141,134,135,132,127,133,132,136,141,134,130,140,144,143,147,144,155,141,157,143,154,139,147
128,130,135,139,137,126,163,123,158,158,131,135,142,158,140,138,132,129,125,133,138,131,135,132,136,133,123,143,136,135,142,134,137,140,146,137,143,136,148,136,133,132,133,138,137,142,135,125,126,140,148,134,145,140,140,131,137,128,135,135,135,138,132,133,147,138,145,143,152,143,159,144,151,148,136
140,135,139,133,143,133,160,127,165,144,126,135,131,161,136,136,138,130,125,133,139,127,132,137,132,127,133,138,133,139,136,133,131,135,141,143,135,142,145,139,138,142,140,130,138,136,127,125,132,139,150,137,144,136,137,128,135,130,133,136,136,137,134,137,143,139,142,143,151,146,157,146,150,145,146
139,137,134,132,139,137,159,132,177,146,130,125,137,158,130,137,133,125,125,134,138,125,137,135,127,123,130,138,135,138,143,138,138,137,136,143,138,132,136,140,142,140,139,135,141,142,136,131,129,134,162,139,138,133,130,135,134,130,132,124,139,132,131,140,146,141,148,146,154,146,159,143,155,141,143
134,133,132,139,134,129,147,120,187,149,135,132,141,143,140,144,133,127,127,128,141,131,141,130,133,129,122,136,135,136,143,136,138,141,143,137,146,140,144,134,135,135,133,139,137,146,137,130,125,140,159,141,145,139,134,132,133,123,134,128,136,135,134,138,147,145,145,138,152,141,162,144,151,145,141
134,131,139,138,143,131,140,126,182,141,123,135,138,145,140,136,137,127,127,134,138,127,135,134,137,127,134,140,133,142,137,131,131,138,143,140,138,142,139,139,138,137,138,135,135,133,130,126,134,139,158,132,144,139,135,128,141,132,137,131,133,136,135,135,139,138,144,142,150,145,157,146,151,148,144
142,139,138,130,141,137,142,128,175,144,131,129,134,149,132,136,133,122,122,137,134,128,133,138,127,118,134,141,132,139,141,139,133,135,137,146,141,135,133,142,141,137,145,134,140,140,133,131,132,137,162,139,140,132,132,132,135,132,134,127,139,135,133,141,147,142,144,144,151,146,158,147,155,140,144
136,138,130,140,134,138,139,124,179,150,134,130,141,139,137,144,132,126,129,131,140,124,139,128,133,127,125,137,137,136,146,139,139,141,144,146,141,137,139,142,140,133,132,137,140,146,137,131,125,140,162,139,143,135,137,135,132,125,134,127,135,139,133,137,148,144,146,141,154,142,157,139,154,145,144
133,130,138,141,141,146,131,122,169,144,127,134,141,140,140,138,134,129,124,130,142,130,139,134,135,132,133,145,136,141,141,131,134,141,143,139,143,140,133,136,135,135,138,138,133,132,132,126,133,140,156,135,139,136,135,126,138,121,137,132,137,135,134,133,143,141,143,141,147,144,161,146,148,144,142
137,138,142,131,141,169,135,127,156,137,127,133,132,142,132,140,136,127,125,138,137,126,132,132,128,123,134,138,134,142,140,136,130,136,136,143,137,139,131,143,136,142,145,133,135,144,129,126,133,135,161,136,141,135,132,131,135,127,131,132,136,135,133,143,140,142,146,145,154,147,158,145,152,147,147
139,139,129,138,133,175,137,124,157,145,137,127,138,140,133,141,132,129,126,132,143,124,137,129,131,127,128,137,137,140,142,140,139,139,143,145,142,135,138,137,137,138,138,138,136,143,140,134,128,141,161,142,140,136,134,137,130,126,126,121,139,139,134,140,147,144,146,141,155,144,157,144,153,138,143
133,131,139,142,136,175,128,120,157,141,130,137,141,134,138,142,131,130,127,130,139,130,139,131,134,131,127,142,136,138,143,134,136,140,148,137,142,140,133,134,133,135,134,139,126,140,137,126,133,143,154,136,146,140,135,128,138,115,139,131,138,136,133,139,148,140,140,144,151,144,160,143,149,146,142
138,134,140,130,145,182,132,130,145,137,127,134,133,139,137,137,136,129,121,136,140,129,127,133,134,125,132,138,131,142,139,134,127,129,143,141,136,142,132,141,138,141,143,133,129,138,131,125,130,138,159,136,143,134,134,132,135,127,134,135,136,138,138,139,142,143,144,143,152,149,152,147,151,145,142
140,139,134,136,138,182,136,137,145,143,131,128,136,141,132,138,131,123,126,135,136,127,139,135,130,121,128,136,136,141,143,140,134,137,135,147,142,135,134,143,139,141,139,138,133,142,136,131,131,133,158,136,137,136,135,139,129,125,130,127,139,138,140,137,145,142,144,143,152,141,158,143,150,143,148
132,134,134,139,138,166,130,145,148,143,133,133,141,133,137,142,132,133,130,132,139,129,139,133,137,129,125,143,135,135,145,137,135,130,144,137,142,137,129,136,135,134,132,138,122,141,131,128,129,139,157,134,142,136,138,132,136,117,138,131,138,137,145,139,143,140,145,147,154,140,160,142,152,148,138
136,131,139,134,147,166,128,162,137,136,123,136,136,138,139,138,136,130,125,136,137,130,132,134,136,130,132,140,135,142,138,133,130,119,143,141,138,143,128,139,139,142,139,134,127,136,126,120,135,141,154,132,143,139,136,128,136,127,137,137,136,139,152,141,141,140,138,157,150,142,155,145,147,147,146
141,140,133,132,154,163,132,170,136,138,130,129,133,143,133,140,134,125,120,132,135,128,136,137,127,121,135,139,138,139,142,138,139,125,134,144,140,134,131,143,138,138,143,134,123,141,129,130,130,137,158,141,137,132,129,135,132,126,128,126,137,137,154,139,145,141,143,167,153,145,157,147,153,142,143
136,136,132,139,160,153,131,168,143,141,133,130,141,133,136,142,131,129,129,125,142,128,139,127,136,129,124,141,137,137,144,140,139,121,143,139,143,136,126,138,140,138,135,138,117,148,135,129,127,142,154,141,142,134,136,137,133,121,135,130,137,137,159,138,147,141,147,168,154,144,159,144,152,145,146
133,132,140,137,178,146,123,157,141,140,127,136,139,134,139,141,137,132,126,133,139,131,137,131,137,133,133,140,132,141,141,131,128,118,147,134,139,142,129,136,134,131,135,140,123,136,124,126,132,141,151,133,138,136,139,126,134,125,135,134,136,140,160,141,138,138,140,176,150,144,155,145,147,149,139
141,138,138,130,182,151,131,158,133,134,130,131,134,140,132,134,133,129,123,137,136,123,131,133,130,123,131,143,134,138,141,140,136,119,139,141,132,140,133,143,140,141,145,131,121,145,128,129,135,135,152,143,139,133,127,134,133,130,130,130,138,139,163,140,141,142,144,182,152,149,156,146,156,143,146
138,140,132,141,175,146,133,151,140,143,134,129,140,139,135,144,127,129,128,131,140,119,142,132,135,125,124,139,140,138,145,138,129,117,141,138,139,135,127,140,142,138,139,140,115,144,130,132,129,142,154,141,140,133,136,138,132,125,135,128,139,138,163,141,146,144,145,179,155,143,157,143,154,143,145
133,130,136,149,173,137,122,140,135,141,128,136,138,129,141,142,133,135,127,134,138,125,139,130,137,132,128,143,134,138,141,134,123,119,147,131,137,145,133,135,133,137,135,140,123,141,122,125,134,142,146,138,145,138,135,128,138,123,137,132,132,141,164,138,142,139,139,182,149,145,157,148,149,146,144
137,140,141,153,171,142,127,142,128,132,127,133,131,138,136,136,129,130,125,135,138,115,133,139,133,127,133,142,132,139,134,130,127,120,140,139,129,139,130,142,136,139,140,135,121,139,128,132,132,135,136,135,139,140,134,132,136,131,135,131,139,140,170,139,144,140,142,186,153,145,156,149,153,147,145
140,145,132,167,161,142,132,142,137,140,131,126,136,141,131,139,129,126,122,130,133,110,137,132,128,126,127,142,140,142,141,138,123,113,140,133,131,136,124,144,140,141,137,138,116,145,130,134,130,140,139,142,135,132,131,139,133,126,133,130,138,140,167,143,145,141,146,181,155,144,155,145,152,143,144
130,148,136,180,155,135,125,134,139,144,133,135,141,130,140,142,130,131,129,132,139,112,141,133,134,132,125,140,135,137,142,132,119,117,147,131,130,143,133,136,137,136,132,137,122,137,130,136,128,144,125,140,142,139,136,131,135,123,139,135,136,142,166,138,142,142,143,184,154,145,158,148,148,142,143
135,162,142,180,160,139,125,137,130,135,123,138,133,137,137,138,136,132,122,136,135,107,134,136,136,130,132,136,132,145,140,136,126,121,142,138,127,141,129,139,139,141,132,133,116,134,124,131,133,143,126,131,142,140,135,135,134,130,137,135,141,140,170,145,141,142,141,185,150,148,153,145,148,151,143
138,175,135,175,153,141,130,136,132,137,133,127,133,140,130,136,129,127,126,134,137,95,134,133,129,125,132,139,141,137,148,137,122,118,139,125,131,136,124,140,140,139,134,133,117,141,131,136,137,141,126,141,137,132,129,140,133,129,132,133,137,143,168,141,145,144,143,184,155,147,154,148,150,142,147
135,177,135,178,141,134,128,130,136,142,133,134,139,133,139,140,126,132,129,126,141,98,125,130,133,132,122,134,134,135,150,131,122,119,143,131,127,141,129,141,141,136,124,136,121,145,133,132,123,145,128,140,137,137,139,136,137,125,138,131,137,141,167,136,143,141,144,181,155,142,157,147,150,146,139
132,168,142,170,151,131,123,129,133,135,124,138,136,134,140,138,134,132,125,135,135,92,121,140,136,132,131,144,134,138,139,139,124,120,143,134,124,142,129,138,134,138,130,129,115,135,124,127,136,146,123,131,144,139,139,132,136,127,135,136,143,142,167,140,145,139,140,182,149,145,150,148,146,150,144
138,170,146,161,149,140,128,134,129,135,130,130,133,139,132,137,133,130,122,133,136,88,112,136,128,124,135,143,139,130,139,127,121,120,138,128,128,140,129,143,140,141,127,124,119,143,130,133,131,141,128,137,135,129,132,135,137,136,138,137,138,142,169,145,143,142,141,181,153,147,152,148,153,144,147
138,165,147,160,141,135,130,131,134,142,134,129,141,135,134,142,126,129,127,130,140,92,117,136,135,131,122,135,137,126,134,123,125,127,141,130,119,138,135,142,139,135,125,130,122,143,132,134,127,143,129,134,134,135,140,135,136,124,142,128,137,143,166,141,146,139,146,176,154,143,156,151,152,144,142
132,152,166,158,144,130,121,126,137,138,128,139,140,129,142,138,134,134,126,131,136,92,109,137,136,133,127,139,135,126,133,131,126,124,138,135,126,140,133,134,136,134,131,125,114,141,125,125,132,145,126,127,137,139,139,133,139,124,143,133,136,141,168,140,145,137,141,179,151,144,154,151,146,149,143
139,152,178,148,149,137,127,130,127,129,125,133,130,138,134,137,137,133,121,138,135,86,100,134,131,124,132,132,138,125,131,123,119,118,134,126,126,144,126,140,137,142,126,122,123,141,125,127,134,138,127,128,139,141,139,135,139,134,145,134,137,142,171,140,142,141,141,183,154,147,153,153,154,145,143
147,155,170,148,140,136,129,130,133,139,132,127,139,138,131,143,130,129,125,131,126,91,101,133,133,127,130,127,138,117,130,121,127,130,131,133,120,141,133,145,144,141,125,127,128,141,132,126,127,144,129,131,133,131,131,138,131,129,134,130,138,143,164,145,144,145,143,179,154,146,155,147,155,148,146
149,144,170,149,136,127,123,120,136,140,129,135,141,130,140,141,130,133,129,128,129,89,100,127,135,133,128,126,138,112,131,121,127,128,135,134,127,141,136,134,134,134,129,122,122,139,131,118,133,148,124,131,139,139,138,133,140,119,137,137,135,141,160,141,145,143,140,177,153,146,154,147,146,153,141
166,144,172,140,148,132,123,124,128,131,123,135,136,133,133,138,131,133,126,126,120,89,91,130,133,132,136,122,135,117,134,124,122,124,126,127,129,143,130,140,139,138,124,119,120,139,127,117,137,144,126,128,141,138,139,129,136,128,140,141,141,142,152,140,137,139,139,181,152,150,149,151,148,156,144
175,148,161,140,143,135,130,128,129,138,131,128,137,141,130,140,133,128,123,119,120,93,90,127,128,127,133,108,140,106,125,115,131,128,127,137,119,135,134,141,140,142,126,124,128,143,132,116,130,141,128,131,133,136,132,138,133,128,132,131,139,145,144,141,143,142,140,173,157,144,151,149,150,156,147
170,143,153,148,137,128,128,124,137,141,134,133,141,130,139,140,130,135,122,111,117,91,92,114,134,134,122,104,135,102,127,121,133,133,131,132,129,134,140,136,141,134,131,119,127,141,136,116,135,145,124,133,139,139,140,139,135,119,139,134,136,148,136,144,146,144,141,160,154,143,154,149,150,156,140
160,137,157,142,144,128,119,122,131,133,122,138,135,134,139,138,133,129,115,111,112,92,85,121,137,136,132,109,135,104,134,120,124,126,122,122,126,133,135,136,135,138,124,122,122,136,126,117,139,142,122,129,138,139,140,131,140,126,137,139,142,154,135,147,141,142,139,152,151,146,151,151,146,159,145
162,144,152,134,142,135,130,130,128,131,131,133,132,140,131,139,133,123,112,111,103,95,92,111,127,126,133,102,141,101,129,121,123,128,127,129,122,127,136,142,138,142,128,126,129,136,135,121,139,139,131,130,136,133,130,137,137,125,132,131,144,157,135,152,145,144,141,141,155,144,152,151,152,154,145
157,141,142,145,134,134,132,126,133,139,137,133,140,130,138,142,125,119,110,107,103,93,90,111,134,135,123,94,138,100,129,120,134,131,127,127,128,129,141,140,138,136,130,118,131,143,138,125,142,144,127,136,136,137,139,135,132,118,136,133,146,160,131,150,144,145,145,131,154,145,156,149,151,153,147
145,135,145,143,141,127,122,121,131,136,133,146,140,129,150,141,135,124,106,101,102,101,87,103,136,138,129,99,136,95,129,117,132,127,115,124,129,128,136,135,131,137,123,121,121,136,135,118,146,144,126,122,144,137,137,123,139,125,139,138,156,166,131,142,140,135,138,129,152,145,152,153,149,157,139
148,140,148,132,142,132,127,128,123,128,147,149,132,137,155,137,128,120,99,98,99,109,93,111,129,126,134,96,137,104,122,127,123,128,128,128,127,122,133,142,139,140,132,123,130,136,130,120,144,136,133,128,135,134,136,129,137,125,136,136,157,168,132,151,142,142,140,128,150,152,151,154,149,154,148
147,141,137,138,135,133,132,127,131,140,164,155,140,134,166,144,118,110,100,96,97,122,93,101,129,129,127,89,140,102,130,124,134,133,126,129,132,125,138,146,139,138,129,121,132,144,137,128,135,130,133,136,131,136,136,133,133,128,133,129,158,167,130,150,145,143,143,125,157,147,158,151,155,153,152
137,135,142,143,139,126,122,120,133,137,170,176,141,128,177,141,116,113,99,94,96,128,88,101,137,132,124,98,133,103,130,122,135,134,119,129,125,126,141,136,137,137,121,125,131,138,133,120,141,133,125,130,139,140,138,124,135,122,138,136,164,170,126,145,142,138,140,124,150,154,160,154,145,166,154
142,138,145,131,142,131,126,126,127,133,166,183,135,135,174,134,114,108,88,96,96,142,94,105,134,132,134,96,131,104,124,128,126,130,127,129,125,120,133,141,137,141,127,125,129,136,125,118,143,129,129,129,136,139,139,125,139,127,138,141,165,167,130,146,145,136,139,126,153,163,158,155,153,173,163
142,141,139,136,138,135,129,126,125,137,167,172,138,137,160,141,108,100,92,94,101,140,93,104,129,127,131,100,140,104,131,132,132,132,126,130,130,129,138,141,137,140,127,116,132,140,140,126,139,126,130,132,128,135,132,129,133,125,127,130,163,170,127,148,146,144,140,123,155,165,158,154,153,173,171
136,135,138,141,132,127,125,121,137,139,162,174,141,129,166,140,103,102,90,95,99,140,96,96,136,136,128,100,136,113,131,124,134,135,117,129,129,125,139,139,136,138,125,129,130,140,136,126,135,131,131,135,136,139,140,122,138,118,135,137,171,170,128,147,144,142,142,125,152,174,160,154,153,183,174
137,131,143,139,141,126,120,123,129,133,147,174,135,131,158,142,108,101,88,97,96,144,107,105,135,134,130,106,137,124,124,130,132,127,127,129,127,120,136,139,128,140,131,127,126,137,129,120,137,126,129,123,134,138,140,125,141,126,129,134,169,164,129,158,141,143,137,125,148,179,153,159,151,184,179
142,141,141,132,139,133,131,127,128,130,152,158,134,139,146,141,103,92,94,92,100,142,114,111,130,125,134,110,138,136,131,134,129,134,124,134,133,127,137,147,133,144,129,121,134,141,136,128,139,123,133,135,129,134,128,131,137,133,121,131,166,170,130,166,144,143,141,126,156,180,154,155,159,187,182
138,138,137,138,132,129,128,124,132,139,150,157,143,133,150,140,94,97,91,101,102,134,129,103,135,135,125,128,136,143,132,128,137,135,127,132,133,126,139,139,132,138,124,127,135,139,133,127,133,132,131,138,131,136,139,130,134,119,123,130,172,168,131,162,145,140,140,120,154,179,156,151,156,185,180
133,132,143,141,139,124,120,121,135,132,140,160,144,130,150,141,96,95,91,102,97,136,145,128,140,135,122,135,131,149,127,128,137,134,133,124,127,119,138,135,124,136,128,122,129,132,131,117,141,131,126,132,135,136,139,127,140,128,132,142,168,164,130,169,141,139,137,122,148,185,154,153,153,185,181
137,137,143,131,139,132,128,127,124,131,141,150,145,136,139,133,92,91,94,98,108,138,147,137,129,126,124,143,133,153,130,137,128,129,131,131,133,125,133,142,130,142,137,116,136,132,131,126,139,126,133,135,136,135,134,131,138,129,124,135,165,169,134,174,140,142,140,125,155,182,157,159,157,184,188
141,142,134,138,133,132,130,126,131,137,143,143,164,134,137,140,87,95,95,107,119,131,146,141,133,127,112,150,135,151,136,130,135,139,128,135,136,127,139,146,125,137,130,125,139,139,135,128,126,130,133,137,128,135,135,132,134,123,121,131,170,166,126,179,142,143,142,121,155,178,163,157,156,185,183
131,129,141,141,134,125,122,119,135,138,135,152,181,128,142,138,92,97,98,120,131,134,152,139,138,135,114,150,135,146,132,130,136,138,135,125,130,122,144,136,121,127,125,128,133,132,133,122,133,134,123,130,135,138,139,132,136,121,131,135,167,166,129,171,147,139,139,124,152,182,165,165,149,188,182
137,135,142,131,139,129,125,125,125,129,134,148,184,134,140,132,90,92,110,126,137,141,153,147,132,129,116,145,124,148,131,138,129,132,131,130,132,126,136,142,129,132,137,122,136,131,129,128,129,129,130,136,131,137,134,127,140,131,132,140,164,169,130,181,143,138,140,122,152,184,163,169,151,186,183
139,143,135,134,135,133,130,126,130,138,139,138,198,137,131,140,88,104,120,140,147,134,142,140,130,126,107,140,124,142,136,136,134,141,128,136,137,120,138,141,122,136,130,128,141,137,140,131,119,133,130,134,129,136,132,134,135,129,125,129,168,165,127,185,144,140,141,121,156,183,175,170,153,187,183
131,134,139,140,128,126,125,120,137,141,137,145,203,127,142,136,94,103,122,146,146,138,145,132,135,135,96,149,117,144,133,128,137,143,135,133,133,127,140,136,123,128,123,131,139,137,137,128,118,135,131,133,131,140,142,133,135,124,133,135,164,164,126,183,142,143,141,125,152,182,174,172,155,188,180
132,136,141,135,140,127,123,123,131,129,127,146,195,131,141,135,92,97,134,146,142,144,144,139,137,125,100,140,109,146,129,135,132,138,135,134,129,133,138,137,127,133,133,122,133,131,133,122,124,131,129,130,133,141,137,130,137,130,132,139,165,162,127,192,139,140,134,124,148,186,170,176,161,188,183
138,139,137,133,139,132,129,126,128,130,135,135,187,138,131,139,90,116,134,142,148,136,141,140,127,116,98,139,106,145,136,138,132,137,128,142,137,122,136,137,121,133,135,130,142,132,136,132,121,127,134,137,128,132,129,137,133,128,124,129,166,149,131,192,139,143,140,127,153,183,174,170,173,185,184
137,138,134,139,131,131,126,124,133,140,137,142,185,129,138,137,93,125,132,144,143,136,143,129,137,119,86,148,105,144,136,133,138,142,135,138,138,131,143,132,126,126,129,135,139,136,138,129,115,127,131,137,132,138,141,138,128,121,134,132,164,145,128,186,146,141,142,119,155,182,175,166,179,185,181
129,130,139,138,137,123,120,118,132,136,127,145,175,128,139,135,89,126,136,144,140,142,147,137,137,114,95,139,100,145,130,132,135,138,137,133,131,130,142,123,133,129,132,125,133,126,128,122,125,131,127,129,130,141,137,125,136,132,131,140,154,142,128,186,142,139,138,126,155,187,169,166,180,188,184
138,138,142,130,137,133,130,125,123,127,133,137,163,135,132,127,93,141,134,136,145,135,143,137,130,102,89,137,99,144,134,139,133,137,133,141,139,130,137,129,122,123,137,126,138,128,133,131,125,132,135,133,127,133,125,136,128,131,126,135,151,134,133,190,142,143,139,127,161,183,171,170,183,183,184
137,140,131,135,131,129,131,125,134,138,138,135,162,133,132,127,98,139,131,142,144,134,141,134,136,109,87,144,96,142,138,138,135,139,133,142,138,131,143,124,127,119,132,130,142,137,141,132,116,133,133,139,124,144,133,136,126,123,133,132,141,136,125,188,146,146,145,122,170,178,172,164,185,187,182
129,130,141,137,134,124,121,118,132,138,131,142,162,126,139,126,108,143,133,141,141,139,146,135,139,105,92,145,94,142,134,133,136,142,138,138,132,136,146,116,129,125,133,129,135,127,136,121,126,137,125,133,132,146,128,128,137,130,132,138,137,137,130,184,141,143,139,127,176,180,168,167,181,189,181
133,137,140,128,139,131,126,124,127,129,130,139,147,133,136,117,120,137,135,136,140,142,146,143,132,96,84,140,99,146,133,138,131,136,138,140,135,130,135,121,125,120,136,124,139,129,129,131,125,130,131,135,131,139,128,133,129,133,130,138,136,132,130,188,141,142,142,126,185,181,169,170,183,188,185
136,139,133,133,133,134,131,124,131,134,138,130,150,136,128,117,133,138,135,141,146,139,142,135,134,94,85,142,98,143,135,138,140,142,131,140,138,135,142,119,128,121,135,133,142,134,139,132,118,131,135,137,125,142,127,140,129,121,132,136,134,136,129,188,144,146,145,123,196,175,172,169,184,183,180
130,131,135,137,131,124,125,118,136,137,135,138,153,126,139,109,134,139,131,140,142,143,146,135,137,94,92,144,98,143,136,131,138,143,138,135,135,137,141,114,128,124,134,132,136,132,141,128,124,138,130,136,130,142,130,134,136,136,134,138,136,136,128,180,146,141,145,126,199,165,177,174,181,184,179
133,133,140,132,140,130,123,120,128,132,125,141,142,133,139,105,138,132,133,144,135,143,150,138,138,86,85,141,100,146,133,137,133,140,141,137,132,136,140,121,121,118,139,130,137,123,131,128,125,133,130,134,133,139,130,130,136,127,130,139,131,129,129,189,141,139,139,125,202,156,171,182,180,184,168
136,136,135,129,135,133,131,125,127,133,133,130,143,135,131,100,138,139,129,136,145,146,143,141,129,94,91,146,103,145,137,141,140,140,131,142,138,134,139,116,128,123,141,134,141,132,135,131,123,133,135,139,126,136,126,140,132,125,129,136,136,133,128,184,143,143,144,123,209,144,176,181,182,180,156
133,136,132,138,130,127,127,121,133,138,135,134,148,126,133,105,137,134,127,146,140,138,142,134,136,93,93,147,96,145,141,135,140,146,136,137,136,137,142,118,124,125,131,134,141,135,139,132,118,136,130,137,129,133,130,137,130,129,131,136,132,130,126,182,144,145,144,121,206,136,180,182,180,186,143
130,127,142,135,135,125,120,116,133,133,127,140,144,127,141,97,135,132,137,142,140,143,149,140,137,85,93,143,106,148,131,135,136,140,139,135,133,145,139,120,124,116,138,130,136,131,133,126,127,135,128,134,134,136,136,127,133,129,134,137,129,132,129,180,138,149,141,128,204,138,173,187,180,182,136
138,136,138,129,138,132,129,124,125,130,133,133,137,132,128,91,138,137,137,136,142,140,143,139,125,92,113,142,109,147,137,141,132,137,135,140,141,138,136,112,128,123,142,131,142,133,136,136,120,133,133,141,127,127,123,140,134,124,127,133,132,133,128,187,137,156,141,127,206,137,179,188,184,178,134
135,135,133,136,130,133,128,125,131,135,136,131,145,128,137,95,133,134,133,142,145,141,143,139,130,94,127,149,115,142,139,140,139,141,136,141,141,136,142,117,122,124,136,136,143,134,139,135,120,137,134,136,127,139,136,142,126,128,133,131,131,130,128,181,145,160,145,124,208,131,179,181,185,174,127
124,130,137,138,133,124,120,117,131,134,129,141,143,125,139,97,129,133,131,142,141,140,150,135,129,86,126,143,129,145,132,132,139,142,140,132,136,144,141,122,125,116,137,132,137,128,138,129,126,141,129,134,129,135,133,130,130,130,138,137,129,133,127,180,140,158,141,124,201,135,176,186,181,168,131
134,134,143,128,136,131,125,123,116,124,131,134,134,132,136,98,135,135,131,140,143,148,152,143,111,98,139,145,139,145,131,140,135,140,135,141,140,137,135,115,132,124,142,126,142,132,136,131,126,130,132,138,131,129,132,138,128,120,132,135,135,132,130,178,140,165,143,127,206,135,178,188,180,153,131
136,136,131,132,132,133,133,124,126,135,135,130,142,132,132,101,137,138,130,142,145,141,141,134,108,100,140,144,147,144,138,137,139,144,135,139,144,133,139,116,123,123,140,134,140,136,136,132,120,133,135,141,120,139,129,139,121,136,129,128,133,128,128,179,142,170,146,125,206,130,179,185,183,143,131
128,131,135,136,131,123,125,119,129,134,130,138,139,124,138,95,135,138,130,144,143,144,149,139,113,103,135,145,150,146,133,131,140,142,139,133,137,145,139,123,127,119,132,133,137,137,137,131,125,137,129,136,129,136,134,133,126,131,134,140,130,132,128,176,142,169,147,124,203,133,177,186,177,139,129
132,130,140,130,137,128,125,120,121,126,127,138,131,130,136,102,136,137,136,138,141,146,152,142,103,125,138,141,155,149,131,139,134,138,140,139,139,141,136,116,131,124,141,126,137,127,133,127,127,133,132,136,132,130,134,135,132,126,134,142,135,133,132,180,138,173,150,129,203,135,172,189,183,141,127
135,138,135,128,135,132,131,125,125,132,133,130,137,133,131,99,134,147,137,140,144,143,143,142,94,137,142,146,148,143,136,142,136,140,136,141,144,139,135,124,127,123,146,133,145,137,140,133,125,134,137,134,123,132,126,139,123,131,129,133,131,130,128,182,145,173,154,127,207,131,176,186,179,134,133
130,133,132,134,128,127,127,119,128,136,133,135,141,126,136,97,134,139,137,142,148,137,147,138,102,133,136,147,145,146,137,135,143,143,140,136,141,144,143,122,131,118,138,135,140,133,139,133,123,135,133,136,128,131,133,135,128,137,133,138,129,131,127,170,145,173,160,123,202,132,176,184,176,140,123
128,131,139,134,135,125,122,120,127,129,124,140,136,127,139,103,132,137,139,148,138,147,149,146,98,138,130,143,146,152,130,137,137,141,137,135,138,141,139,122,138,129,138,134,136,129,132,123,128,137,129,133,129,137,140,132,131,126,139,141,133,132,129,168,140,173,159,125,201,134,170,190,175,134,131
135,135,139,126,136,133,131,125,118,129,131,130,132,133,131,105,137,143,133,136,148,143,149,141,87,145,137,146,150,144,137,142,137,141,132,140,144,136,135,123,129,129,144,133,144,133,138,135,129,131,135,139,130,126,128,141,130,131,132,137,130,128,129,159,143,176,168,127,205,134,173,188,179,133,130
132,135,132,134,127,130,132,123,127,134,135,131,140,130,135,115,132,141,136,142,143,139,142,138,94,138,135,146,148,146,140,135,137,149,138,136,143,145,142,132,130,124,136,138,145,135,141,133,120,135,137,142,126,133,134,138,128,134,132,133,129,131,124,143,144,178,172,122,206,130,175,183,175,132,131
125,127,138,136,133,123,122,117,131,132,126,137,138,125,140,128,134,142,138,143,144,142,153,147,90,137,128,145,144,150,133,136,138,146,142,135,134,142,143,128,139,130,140,135,137,129,138,131,128,137,127,132,135,132,137,129,135,130,137,139,134,132,128,135,142,177,171,125,200,135,170,191,176,135,129
133,134,142,128,137,130,130,125,119,127,129,130,132,133,128,140,134,142,136,143,141,145,148,143,90,142,135,141,147,149,135,142,136,136,134,141,143,140,135,126,135,132,142,130,141,133,134,135,131,130,135,139,127,124,132,139,131,131,130,136,129,129,130,132,142,180,170,128,200,136,171,187,176,131,131
134,138,129,132,131,132,132,124,128,132,136,128,138,133,133,148,138,142,134,145,149,143,140,143,93,138,139,146,146,142,138,140,137,143,136,141,144,144,144,134,136,130,138,137,143,137,143,131,123,137,139,143,123,130,132,142,131,136,133,131,132,133,126,124,145,178,174,123,204,133,173,184,167,132,131
126,128,138,137,130,124,125,119,130,137,130,138,143,124,135,150,134,142,139,147,139,142,150,142,86,128,130,149,142,147,135,133,142,143,140,136,140,140,141,133,138,130,133,137,139,137,142,130,124,135,131,137,133,131,140,136,137,125,137,139,130,130,128,125,143,182,174,126,197,132,170,184,153,137,128
132,134,137,130,135,129,125,122,120,127,127,136,130,131,135,156,138,143,136,141,145,146,152,147,90,138,134,141,146,149,132,140,132,136,138,138,141,145,139,130,135,136,143,129,142,128,130,127,131,133,133,143,133,130,130,137,135,132,133,143,131,132,128,129,141,179,176,127,197,134,168,188,147,132,131
134,139,131,130,134,132,133,128,123,130,132,126,136,136,129,152,140,145,136,145,146,142,145,144,100,138,138,147,141,147,140,143,139,140,134,142,143,140,136,138,132,131,142,136,145,134,145,138,125,135,135,139,129,129,129,140,128,134,131,132,134,131,129,133,144,182,177,124,197,132,174,185,138,130,129
131,131,131,135,127,127,130,120,129,135,132,135,140,125,134,145,137,147,136,146,148,143,150,141,94,132,134,151,144,145,140,136,143,144,140,135,144,144,144,131,134,127,136,138,143,136,139,130,127,136,133,142,130,136,138,139,137,129,139,136,130,131,128,124,147,181,178,125,194,131,169,182,127,136,129
128,129,138,133,135,124,124,119,125,127,124,139,132,131,138,150,139,140,139,147,140,146,154,147,100,137,132,143,148,147,132,138,140,139,142,138,139,148,140,128,140,139,141,130,138,130,133,132,134,133,132,139,132,132,135,134,136,131,134,138,132,132,128,124,139,175,177,126,195,139,166,185,126,132,131
135,136,137,128,138,130,134,125,123,128,132,128,132,133,129,151,138,145,133,140,147,147,144,148,116,141,144,145,147,148,139,140,138,140,132,140,143,135,137,137,137,132,139,137,143,132,137,138,127,131,137,142,129,127,129,142,133,131,132,132,132,132,130,127,142,183,180,126,193,133,168,180,131,131,133
132,135,130,134,126,130,134,125,130,134,132,130,139,131,133,146,138,148,136,148,144,139,146,139,118,133,142,152,147,142,138,138,142,142,138,140,144,144,141,141,135,132,136,140,144,139,138,132,123,138,134,144,127,135,135,142,135,131,133,138,131,130,126,125,142,182,181,125,195,136,164,175,128,128,127
125,129,141,135,132,123,123,119,130,131,125,137,137,126,138,142,134,146,139,144,144,145,152,150,130,134,132,149,146,145,131,137,137,141,142,133,138,144,140,126,137,137,141,136,137,132,134,129,129,138,132,138,133,131,140,131,139,136,135,139,132,130,131,127,142,178,179,125,190,139,152,164,123,132,133
134,134,138,127,135,132,130,123,120,127,129,132,129,134,129,148,140,146,137,148,142,146,147,143,146,141,137,140,147,146,138,139,136,140,135,141,142,139,136,137,142,138,145,137,143,130,139,134,128,129,138,141,132,133,131,139,138,139,135,139,131,132,129,128,142,180,178,126,188,138,152,155,131,128,132
134,137,131,131,129,132,133,124,129,134,133,126,137,135,132,144,137,146,138,144,147,143,144,145,143,137,144,149,148,144,139,141,140,145,135,140,144,139,141,141,132,129,137,139,145,136,141,136,120,133,138,145,124,140,133,142,134,129,133,134,133,129,127,127,149,184,182,123,184,134,151,139,130,128,131
126,128,136,137,131,122,125,118,130,135,127,137,138,125,136,143,138,143,137,152,139,144,147,140,134,134,135,150,144,146,132,136,142,142,140,137,136,146,141,135,140,134,138,138,137,128,142,131,132,139,134,138,131,133,136,135,133,136,139,137,134,132,128,122,149,180,181,126,175,139,145,136,128,133,131
130,133,140,129,135,130,126,120,121,125,125,134,129,133,133,155,139,141,140,143,144,146,150,148,145,143,141,148,153,149,135,143,134,138,136,140,142,148,136,134,141,138,145,133,141,130,137,132,130,131,134,144,131,136,131,135,138,135,137,139,133,133,128,128,151,179,180,128,171,138,138,131,133,127,132
135,138,135,131,132,133,132,125,130,132,133,126,134,136,128,145,141,152,138,146,146,143,145,144,143,138,145,144,148,143,139,143,139,140,134,141,145,138,139,144,136,134,141,139,146,136,138,137,125,136,135,143,124,138,132,142,135,124,132,132,131,130,126,132,156,184,182,128,161,136,138,128,133,129,134
129,131,134,136,128,126,129,119,132,135,130,135,136,125,137,144,136,145,138,144,143,142,145,139,130,132,137,146,141,145,136,138,142,144,140,135,139,148,145,138,141,134,136,141,140,137,143,131,127,136,133,140,131,142,137,141,135,137,136,141,133,131,127,126,162,177,181,125,148,140,133,128,127,128,127
128,131,138,132,135,126,125,120,128,128,125,138,131,132,135,149,138,143,140,143,140,146,152,145,139,141,136,145,154,149,133,139,138,139,138,139,138,148,136,134,138,141,143,135,139,126,137,133,132,134,132,137,133,142,137,136,137,132,138,139,133,132,129,123,162,173,178,130,143,141,126,132,135,128,135
134,137,134,128,136,131,132,128,125,132,131,127,131,135,124,145,142,149,142,142,145,148,145,145,144,142,140,144,148,147,140,142,134,141,131,142,144,134,137,145,139,139,146,140,149,135,139,140,127,135,135,146,129,143,131,142,137,133,133,137,133,130,130,131,166,180,178,128,141,136,127,127,131,127,133
132,134,127,134,126,129,133,121,132,133,133,132,138,130,134,148,138,145,136,151,143,140,148,141,136,136,142,146,142,144,139,137,142,146,137,140,147,147,144,141,133,135,136,139,143,135,140,136,123,135,133,136,129,141,137,141,130,131,136,133,135,133,129,125,174,176,180,126,137,137,127,127,129,126,133
125,127,137,135,136,124,125,117,130,128,124,137,131,127,136,148,133,148,143,145,145,152,152,145,141,139,136,146,145,144,134,139,140,144,140,136,138,145,141,134,143,140,142,137,137,127,135,133,130,134,130,132,134,145,137,136,139,136,138,139,133,131,128,126,171,173,176,128,137,141,121,129,126,131,132
133,134,136,126,136,131,131,126,123,126,127,129,126,134,130,153,139,145,140,146,142,146,150,149,145,141,143,145,149,145,139,144,136,136,131,143,145,144,137,142,143,139,147,137,148,135,135,136,131,133,138,144,127,134,131,138,138,130,135,138,132,132,133,130,172,177,177,127,136,137,125,128,126,124,131
134,136,130,133,128,133,136,124,130,134,134,128,135,132,132,149,139,150,141,143,149,143,148,139,141,141,139,146,146,142,142,140,144,146,136,142,146,140,142,144,133,135,142,139,146,136,144,137,126,138,138,139,131,143,132,138,131,134,133,131,131,131,127,128,179,173,178,125,139,135,124,127,128,129,132
125,127,136,135,132,122,124,119,132,131,127,137,134,124,139,146,136,145,136,145,143,145,151,148,139,136,134,149,149,144,139,134,141,145,136,135,137,147,142,142,141,140,142,140,140,132,135,134,130,136,131,136,131,144,139,137,136,136,140,139,134,130,130,128,176,160,174,127,131,138,120,126,122,124,129
134,133,140,125,136,131,130,123,123,126,126,131,125,134,135,158,138,143,140,139,144,150,152,145,141,145,139,146,150,149,135,144,133,139,136,141,143,148,136,140,140,140,146,134,144,133,135,134,131,132,134,142,129,139,133,140,142,130,138,141,133,132,131,130,179,151,169,132,133,142,119,129,125,128,133
134,140,130,131,132,135,133,126,130,131,133,128,132,133,131,152,139,150,140,148,145,141,145,144,146,140,143,147,152,144,141,143,143,146,133,144,148,141,139,145,137,138,142,139,149,130,140,139,126,140,139,140,127,144,132,142,131,137,132,135,127,132,130,129,176,146,170,126,135,137,122,123,128,125,128
129,131,136,133,128,123,129,120,135,136,130,133,134,123,138,148,138,148,141,147,145,146,154,140,135,129,138,151,149,144,138,140,144,147,140,135,144,143,143,145,138,137,138,142,141,136,146,135,127,138,133,142,134,147,137,141,138,138,141,139,134,127,129,123,181,132,165,129,130,140,120,127,122,130,132
129,135,137,131,137,126,124,122,128,126,124,138,128,132,137,151,136,140,139,148,142,149,151,148,144,141,135,142,148,151,133,141,138,138,137,135,141,149,142,134,144,143,145,134,142,128,133,133,131,136,133,135,134,143,138,133,139,131,139,139,132,129,132,129,180,130,159,133,130,143,116,127,129,124,132
135,135,133,126,134,133,131,126,125,129,132,125,131,135,128,156,142,149,144,141,149,144,146,142,145,143,145,144,151,142,141,147,140,140,130,141,147,144,141,145,136,145,144,140,146,134,139,139,126,131,137,145,126,140,130,144,136,142,133,136,129,131,127,133,181,127,152,128,133,136,124,124,128,128,135
131,134,131,135,127,129,133,122,133,137,130,132,137,126,134,149,135,147,136,150,147,145,150,142,140,130,140,151,144,141,141,137,143,145,138,138,145,149,145,140,137,136,135,142,145,141,142,136,126,141,134,139,129,144,139,142,137,135,137,138,136,126,131,123,185,129,143,125,130,136,120,126,122,125,129
126,128,138,135,131,125,122,118,131,129,123,134,129,129,137,147,134,150,141,144,141,148,153,147,141,143,132,143,151,147,134,139,139,146,139,137,137,151,143,141,140,141,144,137,143,129,135,129,132,139,128,135,133,144,139,137,138,133,137,139,132,133,129,132,182,126,135,129,129,141,118,126,128,132,135
134,134,135,124,135,132,133,124,124,126,129,125,128,134,129,157,142,143,139,138,144,147,148,147,148,146,142,142,150,144,140,146,136,138,134,142,147,142,137,144,144,142,146,137,147,135,136,141,133,134,137,147,128,141,135,142,135,139,138,137,127,130,131,131,181,127,134,129,132,138,120,124,125,123,135
136,138,129,131,124,134,132,125,134,135,131,130,133,132,132,149,138,148,139,145,147,142,147,143,143,136,143,150,147,142,142,141,139,144,136,144,146,146,143,149,137,143,139,143,150,137,143,139,125,138,136,144,132,144,140,144,137,138,137,131,131,130,126,125,182,123,134,126,132,137,119,120,128,126,127
124,127,136,136,129,124,126,119,133,128,125,133,132,128,137,146,134,142,138,148,142,147,155,144,137,138,135,145,148,143,136,139,137,144,140,136,141,150,143,139,140,139,141,139,144,134,139,134,132,140,132,138,134,149,141,136,137,135,138,141,131,132,129,130,179,123,130,129,128,142,117,121,123,129,135
133,133,137,126,135,131,130,124,126,127,125,132,124,135,132,157,138,147,143,144,144,146,155,145,146,143,142,144,149,147,139,145,135,138,132,144,144,144,137,140,144,145,143,138,147,129,135,139,135,135,139,143,131,140,132,143,138,136,138,140,130,131,130,131,177,126,130,132,129,143,118,125,126,124,134
133,135,129,129,131,136,134,128,132,132,135,125,133,136,132,154,136,146,138,146,145,144,147,146,150,139,144,148,150,147,143,146,142,146,133,141,147,145,142,145,139,137,142,144,148,138,144,138,125,135,137,147,127,141,134,141,138,139,133,135,131,131,129,129,179,128,132,129,133,137,121,118,131,128,130
127,129,132,136,128,125,127,120,135,132,131,135,134,125,137,144,135,146,139,150,147,143,152,141,136,134,138,144,150,140,137,137,145,146,145,138,141,142,146,147,135,139,140,145,143,137,143,133,130,137,135,141,133,141,139,139,141,132,139,141,132,131,126,127,177,123,129,129,124,142,116,123,123,128,132
129,129,139,128,134,130,128,120,130,122,125,136,126,132,137,150,135,147,140,142,140,150,151,147,147,143,138,146,152,147,136,144,131,139,137,142,141,149,138,135,147,143,145,138,144,125,132,136,134,135,135,140,132,139,139,136,143,139,141,141,129,127,132,132,175,124,127,133,128,142,117,123,124,128,131
134,135,132,128,136,134,134,127,129,130,132,126,131,137,128,154,138,142,142,142,150,144,140,142,146,144,141,148,146,144,143,145,143,145,133,145,149,144,138,142,136,141,145,141,148,136,145,140,128,136,139,144,125,140,131,142,137,143,133,134,131,130,130,135,178,129,131,127,129,139,120,121,133,122,132
130,131,130,135,126,130,130,121,131,135,133,133,138,127,136,146,135,149,134,145,145,144,149,141,138,134,137,148,145,142,141,141,141,149,138,138,144,151,146,144,134,134,139,146,144,135,143,138,128,141,136,137,131,140,142,143,138,133,137,138,130,130,127,129,177,129,126,129,128,141,119,121,126,130,128
129,130,138,133,132,125,124,121,132,129,124,136,128,130,137,153,132,143,144,146,143,148,151,144,142,143,137,148,152,146,134,142,136,142,142,139,139,148,139,142,144,145,144,138,141,130,136,134,133,136,130,139,135,139,141,136,140,135,142,142,133,128,131,126,173,125,126,132,127,143,115,125,126,127,136
133,134,135,125,133,135,133,126,126,128,130,127,128,137,129,152,139,150,140,144,144,148,145,146,144,142,148,143,146,147,142,147,138,140,130,144,147,143,137,140,142,141,145,140,148,138,145,142,131,133,136,143,126,141,137,145,141,141,136,141,129,129,131,131,179,124,131,130,126,140,119,119,129,127,133
134,137,129,134,125,132,134,126,134,133,133,129,134,132,134,148,136,145,139,144,149,141,148,140,139,136,143,149,144,144,142,142,142,142,142,141,144,145,144,142,137,139,136,144,148,139,143,141,123,135,138,142,128,138,138,144,134,136,131,134,131,132,130,131,175,125,131,131,129,137,122,122,124,127,132
128,126,136,136,129,125,127,119,136,130,123,134,130,131,139,149,138,145,140,150,141,147,154,148,143,139,139,149,150,145,136,141,138,147,141,138,139,150,141,143,143,136,143,141,142,131,141,132,128,138,131,140,132,141,139,138,138,134,142,138,133,127,128,131,178,124,124,133,123,140,115,124,129,132,134
133,136,137,126,133,132,131,124,125,123,131,132,127,137,132,154,136,143,140,139,147,148,150,145,145,143,146,141,147,145,141,144,137,137,134,145,146,146,138,139,141,149,149,141,147,134,134,139,132,134,140,139,125,134,135,140,144,143,138,142,127,130,131,127,173,125,129,128,128,141,118,123,127,124,135
135,136,128,132,127,134,136,127,131,135,135,125,132,136,132,154,140,152,140,146,146,141,146,145,147,136,147,150,147,145,141,146,139,149,137,143,148,143,145,147,140,133,142,144,151,137,141,144,122,140,140,146,128,144,134,148,139,137,133,133,132,129,129,131,177,128,129,129,128,139,121,118,126,128,136
127,128,133,135,126,129,127,120,135,131,126,136,133,127,136,152,137,147,142,147,145,145,152,141,143,134,137,150,148,142,138,139,142,143,143,136,140,148,144,145,138,142,140,145,145,136,140,135,132,139,133,140,131,140,143,134,140,134,143,137,132,130,129,128,179,120,128,130,123,142,116,124,125,127,134
129,133,137,129,133,129,130,123,127,127,127,134,124,135,135,150,138,141,142,141,140,145,152,147,149,144,141,143,149,148,137,142,138,140,139,139,140,147,138,140,148,144,148,137,146,128,137,138,130,134,136,142,132,138,139,139,146,139,136,141,130,131,131,133,179,127,126,132,125,144,116,125,126,130,140
134,134,131,129,133,133,132,128,131,129,133,126,132,138,128,150,141,148,140,143,149,148,146,143,149,144,142,143,150,146,143,146,138,144,136,142,147,141,140,143,137,145,148,146,148,138,142,145,123,134,141,141,125,140,132,148,135,137,131,138,130,130,128,130,177,125,131,128,128,136,118,123,128,127,133
129,131,129,133,124,130,130,123,136,135,131,135,134,128,134,147,139,145,137,145,140,138,146,140,139,135,140,146,149,142,142,137,143,150,139,138,144,144,144,146,142,137,136,145,144,139,145,136,128,142,134,141,131,141,143,142,137,135,142,137,131,129,126,127,173,122,129,133,122,140,115,122,125,130,132
128,126,133,133,132,128,126,122,131,129,124,137,128,133,136,151,137,147,144,144,146,151,154,145,147,143,137,147,152,147,138,140,132,143,137,138,142,149,139,139,144,146,147,140,144,131,135,133,134,134,137,143,134,142,140,139,139,138,142,142,128,131,129,131,164,123,127,135,124,143,117,125,124,129,138
134,135,133,125,134,133,131,127,129,132,130,127,129,135,128,152,141,144,142,139,146,143,146,147,151,141,145,145,152,144,143,143,138,139,132,145,148,141,139,139,145,146,151,146,149,134,138,145,129,132,139,144,130,138,132,143,141,137,136,137,132,132,130,132,166,127,129,131,125,141,120,123,133,125,134
133,135,127,134,126,133,134,126,133,136,132,131,133,131,133,151,140,148,137,143,141,142,147,138,143,135,143,145,146,144,143,140,144,144,142,139,147,145,142,146,134,138,144,148,145,135,146,138,125,137,135,142,131,144,142,140,140,137,138,136,132,129,127,126,173,128,131,132,125,141,120,120,125,133,136
124,124,131,135,131,126,125,123,135,131,124,135,132,131,139,145,135,144,139,144,139,145,148,145,145,142,138,144,146,146,137,141,139,147,140,139,139,150,143,141,149,139,144,144,143,132,133,136,132,137,132,137,135,140,142,141,141,134,144,142,130,131,131,132,165,124,126,136,120,144,115,128,129,130,136
134,132,134,125,138,134,132,127,129,128,129,129,125,136,131,152,140,144,141,144,149,147,147,143,147,145,145,144,146,143,144,145,131,140,135,141,145,143,138,133,139,144,147,143,148,134,140,140,133,132,135,145,130,135,136,143,142,138,140,139,128,129,131,131,169,129,128,136,124,145,120,124,128,129,140
132,136,124,130,129,137,135,129,132,137,133,126,134,134,132,156,140,147,142,142,143,141,141,141,147,137,148,148,150,139,145,142,143,146,140,141,146,141,144,143,143,136,142,148,152,137,145,141,130,136,137,141,129,142,139,145,141,139,137,138,132,128,128,131,170,127,128,132,126,141,120,125,125,125,134
127,127,133,133,128,128,127,121,139,133,127,135,134,130,137,148,139,148,140,146,146,143,148,140,141,137,139,143,145,140,137,137,145,145,145,136,142,147,146,141,141,140,144,145,143,133,140,139,132,137,133,141,131,141,142,139,140,138,144,140,130,129,134,126,165,124,127,134,121,142,115,122,129,133,141
129,132,133,124,134,133,129,126,129,125,126,133,125,136,135,152,141,142,142,143,139,145,148,145,147,142,144,140,147,143,137,142,134,137,137,144,142,149,137,135,143,145,147,144,149,125,138,140,133,130,131,144,134,139,140,143,146,141,142,141,129,124,134,130,165,127,125,137,123,143,116,128,127,124,138
136,136,128,124,130,135,135,129,131,133,132,126,131,138,130,152,142,149,141,138,148,141,143,144,150,142,146,148,146,143,143,144,142,142,137,145,146,139,141,146,140,144,147,145,151,136,140,147,130,137,137,141,124,141,140,146,137,142,136,136,133,133,132,132,166,132,129,128,125,141,116,122,125,126,138
126,128,128,132,124,129,130,126,139,137,133,134,133,128,137,146,141,145,140,144,142,141,144,138,144,136,139,146,143,140,138,133,143,148,142,137,142,146,146,144,143,137,138,144,143,136,144,142,127,142,137,138,131,141,141,139,140,134,140,136,132,131,131,128,160,128,127,132,121,145,118,126,126,128,137
128,128,134,129,132,127,127,124,138,129,128,134,126,132,134,149,138,144,144,142,144,148,151,145,148,141,140,143,148,148,139,142,137,140,137,141,145,150,142,140,143,145,146,140,143,128,134,139,131,133,134,139,136,135,144,138,147,139,143,139,132,128,130,129,150,125,125,135,120,144,115,130,124,126,141
133,132,128,123,133,132,133,130,133,133,135,126,127,135,130,148,142,145,140,139,146,143,142,143,152,142,148,143,150,142,143,142,136,142,135,143,145,146,139,142,149,143,145,142,149,137,141,140,134,137,142,148,125,143,134,146,139,140,140,138,135,130,129,134,149,127,128,132,123,140,117,124,129,128,136
131,131,126,131,124,131,135,125,141,138,135,130,132,131,135,152,140,150,139,146,146,140,141,138,140,135,145,144,145,137,143,135,140,148,141,141,146,143,146,145,135,142,143,148,146,138,140,139,128,138,136,141,135,137,139,141,141,141,138,138,132,131,135,127,148,126,129,131,123,143,116,124,128,128,140
127,125,134,132,131,124,126,123,140,130,125,137,130,129,138,148,139,139,142,141,140,147,148,144,143,142,137,144,150,148,139,138,136,141,142,133,138,152,145,143,147,148,145,140,143,131,132,137,134,134,132,138,135,138,144,140,143,137,144,140,131,129,132,131,140,127,124,135,120,144,111,129,126,131,140
131,132,132,122,134,132,134,129,130,130,133,130,127,136,129,151,140,146,140,138,143,146,145,142,151,144,144,142,152,143,140,142,135,140,132,142,149,144,136,135,144,145,147,145,147,132,139,140,131,131,136,147,129,132,138,144,142,143,141,139,134,130,130,132,139,129,127,133,121,144,117,127,127,129,143
136,134,125,131,130,135,135,129,141,133,135,127,135,134,131,146,144,149,140,144,144,141,142,141,146,140,148,142,144,143,143,137,139,147,143,138,145,142,145,147,141,141,145,148,150,139,145,142,126,138,137,144,129,144,140,146,141,142,137,138,131,129,132,127,142,127,127,131,124,145,116,124,131,127,137
125,127,132,136,128,127,128,121,142,134,127,134,133,129,136,147,139,144,142,141,142,144,147,143,144,140,135,144,145,143,135,134,136,148,143,131,137,144,148,144,142,140,142,145,142,135,142,137,135,135,129,141,132,138,145,137,145,133,143,142,131,131,131,130,137,124,126,137,119,145,111,128,124,132,140
134,129,134,126,134,132,129,126,135,124,130,132,124,136,132,151,139,144,142,141,141,147,145,144,147,144,145,144,148,146,137,141,134,138,142,142,145,147,141,140,149,149,151,140,149,129,137,140,131,133,134,141,135,134,140,138,144,143,144,142,133,131,133,130,137,129,127,134,120,147,112,127,129,126,141
136,133,127,126,131,136,136,130,139,134,136,124,132,139,129,150,141,147,139,140,145,138,139,141,148,142,147,145,145,146,145,139,140,146,137,142,148,138,144,146,137,143,151,148,148,138,147,143,128,133,139,147,128,143,137,150,138,140,135,132,130,130,134,129,135,131,129,130,123,144,116,124,133,129,139
131,124,129,132,126,129,128,127,143,134,131,134,133,131,137,146,140,146,137,149,144,143,146,137,136,135,140,142,144,139,137,130,141,146,143,132,139,147,148,144,144,142,138,148,147,137,141,137,131,141,134,139,132,138,144,139,142,139,143,139,132,129,130,127,133,126,126,135,118,145,113,125,126,130,141
130,126,135,127,133,129,126,124,136,124,130,133,124,137,135,148,141,144,145,139,137,141,148,145,150,143,140,143,149,146,137,141,131,138,137,141,143,148,143,140,140,145,150,141,145,131,133,138,134,133,134,143,137,136,144,144,144,141,147,143,131,131,132,131,131,124,124,137,121,148,112,125,126,132,142
136,131,130,126,134,135,132,132,135,131,136,123,131,139,127,148,142,145,139,141,145,142,137,142,156,141,148,141,147,144,143,142,139,145,139,137,149,146,142,144,143,146,151,145,150,136,140,142,133,136,141,146,126,139,138,144,141,143,137,138,134,129,136,133,129,128,125,130,123,144,114,122,137,124,138
131,128,127,134,125,133,131,125,141,137,137,128,132,133,136,142,146,144,141,141,143,139,142,143,144,134,143,145,147,142,140,135,140,143,145,131,146,143,147,147,134,139,138,150,146,138,140,143,132,139,137,137,133,142,143,140,142,140,142,136,132,130,130,125,134,123,128,133,121,144,113,122,127,134,135
127,122,133,132,130,127,122,123,139,126,126,132,126,134,137,150,139,145,140,144,143,145,149,143,149,141,140,148,151,143,134,134,135,141,143,133,139,147,147,143,144,141,144,142,144,131,134,136,136,131,132,132,135,133,145,143,145,142,145,142,130,133,128,132,131,125,121,135,118,148,113,124,128,130,142
134,130,132,125,137,134,130,129,133,129,135,123,127,140,130,148,140,141,145,135,142,146,143,142,152,147,145,139,147,144,143,141,134,135,138,135,149,137,139,140,140,150,150,145,150,136,136,141,133,137,141,143,132,140,135,142,143,144,142,141,134,128,128,132,128,127,127,136,122,141,114,126,133,128,135
135,131,125,132,127,135,131,130,139,135,138,126,134,135,134,147,143,145,138,144,144,138,142,140,143,137,143,145,142,141,140,136,135,142,143,132,147,137,146,147,132,138,144,145,147,139,134,142,130,137,138,144,128,138,145,142,139,135,141,135,131,130,128,125,135,127,127,134,122,145,113,122,129,132,135
127,121,135,135,128,127,123,120,145,134,129,131,132,134,140,142,137,144,143,139,142,144,144,141,142,137,133,144,149,140,137,131,137,142,145,130,140,139,147,146,136,139,143,145,142,135,135,137,134,137,133,136,137,141,145,138,147,136,146,137,129,134,128,126,128,121,122,137,118,147,109,126,126,132,137
133,130,134,127,137,130,125,129,135,125,130,128,125,139,135,151,139,138,140,140,143,143,138,145,155,146,140,142,150,143,138,141,130,133,134,135,145,142,138,139,141,141,148,139,150,135,130,140,136,129,136,141,130,130,140,137,146,141,143,139,135,127,131,130,128,128,124,133,122,148,112,125,131,130,140
136,132,127,130,133,138,133,130,140,133,135,120,131,139,132,149,140,143,143,140,145,143,134,138,150,136,143,144,150,141,142,138,137,141,141,135,148,139,143,144,131,145,145,144,153,138,141,143,129,136,139,141,126,143,141,147,137,139,140,130,132,132,127,127,131,129,129,129,122,142,115,123,131,128,137
128,124,129,133,127,130,126,124,143,137,128,131,133,131,137,146,140,143,136,144,141,141,138,143,145,140,138,142,143,140,140,131,136,141,146,131,142,144,147,148,138,135,138,142,144,137,137,139,129,134,133,140,134,137,144,139,134,136,145,137,130,131,127,125,126,122,122,134,117,146,114,127,125,134,137
132,127,135,129,135,130,125,122,141,126,124,130,127,139,137,153,138,135,145,142,138,143,141,140,150,143,137,136,149,145,137,141,132,131,141,133,142,142,142,139,134,143,143,134,147,129,133,139,135,127,134,142,133,133,140,141,140,144,144,138,135,130,128,122,126,128,126,136,124,146,112,127,132,129,139
136,133,130,126,135,138,133,128,136,133,132,120,131,140,129,148,139,141,140,138,149,141,128,143,153,140,143,139,145,141,144,143,134,139,138,137,148,138,143,142,139,142,144,139,149,135,142,143,133,130,138,142,131,141,137,145,138,141,139,132,134,133,131,128,132,128,125,133,125,145,118,123,137,131,137
132,127,126,134,126,134,129,123,144,136,132,130,135,131,139,141,139,137,137,140,141,138,136,137,142,133,139,145,144,140,142,132,140,142,145,133,144,137,147,148,128,140,134,140,144,140,135,142,126,139,132,136,129,134,145,139,132,136,143,134,130,129,131,129,130,129,127,133,119,148,118,126,126,129,136
128,123,135,134,133,130,122,120,138,132,120,133,125,138,138,148,136,133,145,141,144,144,138,142,146,141,135,140,151,141,135,133,134,136,141,135,140,146,145,141,141,146,143,137,144,128,133,137,133,130,130,131,136,135,146,137,135,146,145,136,135,133,128,130,126,126,122,134,120,150,112,127,127,127,143
135,130,133,124,137,136,132,129,133,131,131,123,127,141,131,152,140,137,138,134,142,147,134,140,150,142,139,136,144,141,141,133,134,137,137,139,148,142,134,145,138,146,143,139,149,139,135,140,129,127,135,139,129,136,132,142,140,145,142,137,131,134,129,131,122,125,127,133,120,146,117,127,135,126,139
133,132,127,134,127,137,132,124,138,133,130,126,132,135,136,145,139,139,141,140,143,137,136,139,145,136,141,143,145,134,140,129,141,142,142,134,149,135,141,149,132,140,137,143,146,137,142,141,125,137,136,135,129,137,140,144,137,138,142,133,130,131,126,126,131,131,129,134,120,145,117,125,124,130,140
126,122,134,135,132,130,121,120,138,129,125,133,128,134,139,146,135,139,139,138,134,140,137,142,148,137,131,143,146,139,129,127,131,137,141,129,139,143,138,141,141,140,140,136,140,134,132,138,128,130,128,132,133,135,147,135,138,137,146,139,136,131,130,129,125,127,125,137,119,149,114,127,128,131,140
131,131,135,123,133,134,127,127,131,124,128,128,124,140,132,152,135,136,143,130,137,142,135,145,150,146,141,140,146,131,136,132,133,135,134,138,148,140,133,133,136,144,147,136,147,131,133,143,130,128,134,133,134,132,137,140,140,140,144,139,132,135,128,129,125,131,128,135,120,145,115,128,130,125,143
135,133,127,128,123,138,129,127,136,130,134,126,132,139,134,143,135,143,139,136,136,138,131,136,149,135,145,143,146,132,140,132,139,139,142,136,143,138,137,143,138,141,139,143,150,141,141,140,125,133,136,134,128,142,137,144,135,127,138,131,132,131,125,123,129,131,127,133,120,147,119,127,128,135,133
122,126,130,133,119,130,121,121,141,135,130,131,131,131,139,141,128,138,139,137,135,139,136,142,148,134,136,142,142,132,134,128,138,140,147,129,138,141,138,140,130,141,137,139,147,142,138,138,129,132,129,129,138,133,144,133,137,122,146,138,137,134,131,125,124,124,128,137,118,150,114,126,129,131,142
131,127,135,127,123,131,123,125,132,124,127,131,124,139,137,148,131,135,142,137,139,139,137,141,147,141,137,137,147,135,133,133,130,131,141,136,140,144,133,130,141,143,142,139,149,127,129,142,132,128,133,133,136,135,141,135,146,131,146,134,135,134,129,132,123,128,126,138,121,147,119,129,133,129,138
135,133,126,127,124,138,129,128,136,132,133,121,130,141,131,148,132,144,141,130,137,132,130,141,149,140,143,139,147,129,138,133,138,138,139,136,141,138,134,141,133,146,145,142,155,138,139,143,129,135,136,139,129,139,134,140,135,130,141,136,131,130,128,132,126,128,129,136,123,145,118,126,132,128,141
128,126,128,134,114,133,127,125,142,136,133,131,135,130,138,144,132,133,135,135,138,134,135,138,143,132,136,144,145,126,137,126,139,142,145,129,136,140,138,139,134,138,138,142,152,139,138,142,128,137,130,128,139,139,145,135,137,124,141,137,135,133,130,124,129,128,130,138,119,147,117,128,127,132,138
126,123,134,131,123,130,120,124,136,127,126,132,125,141,140,149,131,133,143,139,131,137,139,144,142,143,138,137,145,134,134,131,128,137,146,136,138,144,139,131,139,144,144,137,151,134,133,140,131,127,129,132,135,133,146,131,140,132,140,136,134,132,132,129,125,123,127,140,123,148,115,132,136,132,145
132,133,132,128,125,138,132,130,136,128,132,122,128,141,132,147,133,137,139,132,137,137,133,142,147,142,143,138,147,134,139,132,135,136,140,137,140,139,131,136,140,148,147,142,156,136,137,144,133,132,137,133,130,136,136,140,144,129,131,138,134,129,133,132,126,131,126,139,122,146,121,127,132,126,138
133,133,126,132,116,137,129,129,141,133,133,129,134,136,136,150,135,140,141,137,139,133,134,136,137,130,137,141,146,130,140,129,136,138,145,136,140,137,139,144,135,139,138,144,155,142,138,144,125,140,134,133,133,137,141,140,134,126,132,132,136,134,136,129,131,128,131,137,125,146,116,131,128,133,142
135,138,133,132,133,135,129,141,133,126,138,122,131,134,131,150,136,95,149,140,146,132,149,142,130,146,143,136,143,143,134,135,135,138,140,145,136,107,142,173,153,143,194,100,135,135,131,132,140,140,0,107,0,161,129,134,0,129,134,138,134,130,129,150,193,177,143,138,133,151,141,142,144,153,144
4,4,4,4,4,4,4,4,4,4,4,4,4,4,4,1,1,1,1,1,1,1,1,1,1,1,1,1,1,1,3,3,3,3,3,3,3,3,3,3,3,3,3,3,3,2,2,2,2,2,2,2,2,2,2,2,2,2,2,2,0,0,0,0,0,0,0,0,0,0,0,0,0,0,0
